{
  "prompt_uncached_tokens": 766,
  "prompt_uncached_cost": 0.00047875000000000006,
  "prompt_cached_tokens": 0,
  "prompt_cached_cost": 0.0,
  "output_tokens": 2400,
  "cost_output": 0.012,
  "reasoning_tokens": 23708,
  "cost_reasoning": 0.11854,
  "total_cost": 0.13101875000000002
}