{
  "prompt_uncached_tokens": 698,
  "prompt_uncached_cost": 0.0008725000000000001,
  "prompt_cached_tokens": 0,
  "prompt_cached_cost": 0.0,
  "output_tokens": 2064,
  "cost_output": 0.020640000000000002,
  "reasoning_tokens": 11520,
  "cost_reasoning": 0.11520000000000001,
  "total_cost": 0.13671250000000001
}