{
  "prompt_uncached_tokens": 706,
  "prompt_uncached_cost": 0.00044125,
  "prompt_cached_tokens": 0,
  "prompt_cached_cost": 0.0,
  "output_tokens": 3000,
  "cost_output": 0.015000000000000001,
  "reasoning_tokens": 15475,
  "cost_reasoning": 0.07737500000000001,
  "total_cost": 0.09281625000000002
}