{
  "prompt_uncached_tokens": 563,
  "prompt_uncached_cost": 0.00035187500000000003,
  "prompt_cached_tokens": 0,
  "prompt_cached_cost": 0.0,
  "output_tokens": 3477,
  "cost_output": 0.017385,
  "reasoning_tokens": 26442,
  "cost_reasoning": 0.13221000000000002,
  "total_cost": 0.14994687500000003
}