{
  "prompt_uncached_tokens": 409,
  "prompt_uncached_cost": 0.00044990000000000004,
  "prompt_cached_tokens": 0,
  "prompt_cached_cost": 0.0,
  "output_tokens": 1052,
  "cost_output": 0.004628800000000001,
  "reasoning_tokens": 7552,
  "cost_reasoning": 0.0332288,
  "total_cost": 0.0383075
}