{
  "prompt_uncached_tokens": 641,
  "prompt_uncached_cost": 0.0007051000000000001,
  "prompt_cached_tokens": 0,
  "prompt_cached_cost": 0.0,
  "output_tokens": 2153,
  "cost_output": 0.009473200000000001,
  "reasoning_tokens": 17920,
  "cost_reasoning": 0.078848,
  "total_cost": 0.0890263
}