{
  "prompt_uncached_tokens": 641,
  "prompt_uncached_cost": 0.00040062500000000005,
  "prompt_cached_tokens": 0,
  "prompt_cached_cost": 0.0,
  "output_tokens": 3092,
  "cost_output": 0.015460000000000002,
  "reasoning_tokens": 15556,
  "cost_reasoning": 0.07778,
  "total_cost": 0.093640625
}