{
  "prompt_uncached_tokens": 466,
  "prompt_uncached_cost": 0.00029125,
  "prompt_cached_tokens": 0,
  "prompt_cached_cost": 0.0,
  "output_tokens": 1533,
  "cost_output": 0.007665000000000001,
  "reasoning_tokens": 7861,
  "cost_reasoning": 0.03930500000000001,
  "total_cost": 0.047261250000000005
}