{
  "prompt_uncached_tokens": 727,
  "prompt_uncached_cost": 0.00090875,
  "prompt_cached_tokens": 0,
  "prompt_cached_cost": 0.0,
  "output_tokens": 2916,
  "cost_output": 0.029160000000000002,
  "reasoning_tokens": 11968,
  "cost_reasoning": 0.11968000000000001,
  "total_cost": 0.14974875
}