{
  "prompt_uncached_tokens": 706,
  "prompt_uncached_cost": 0.00044125,
  "prompt_cached_tokens": 0,
  "prompt_cached_cost": 0.0,
  "output_tokens": 3888,
  "cost_output": 0.019440000000000002,
  "reasoning_tokens": 28471,
  "cost_reasoning": 0.142355,
  "total_cost": 0.16223625000000003
}