{
  "prompt_uncached_tokens": 686,
  "prompt_uncached_cost": 0.0007546,
  "prompt_cached_tokens": 0,
  "prompt_cached_cost": 0.0,
  "output_tokens": 1776,
  "cost_output": 0.0078144,
  "reasoning_tokens": 11456,
  "cost_reasoning": 0.050406400000000004,
  "total_cost": 0.058975400000000004
}