{
  "prompt_uncached_tokens": 686,
  "prompt_uncached_cost": 0.0008575000000000001,
  "prompt_cached_tokens": 0,
  "prompt_cached_cost": 0.0,
  "output_tokens": 3828,
  "cost_output": 0.03828,
  "reasoning_tokens": 16512,
  "cost_reasoning": 0.16512000000000002,
  "total_cost": 0.2042575
}