{
  "prompt_uncached_tokens": 641,
  "prompt_uncached_cost": 0.0008012500000000001,
  "prompt_cached_tokens": 0,
  "prompt_cached_cost": 0.0,
  "output_tokens": 4770,
  "cost_output": 0.035775,
  "reasoning_tokens": 80594,
  "cost_reasoning": 0.604455,
  "total_cost": 0.6410312499999999
}