{
  "prompt_uncached_tokens": 563,
  "prompt_uncached_cost": 0.0007037500000000001,
  "prompt_cached_tokens": 0,
  "prompt_cached_cost": 0.0,
  "output_tokens": 2543,
  "cost_output": 0.02543,
  "reasoning_tokens": 16768,
  "cost_reasoning": 0.16768000000000002,
  "total_cost": 0.19381375000000003
}