{
  "prompt_uncached_tokens": 641,
  "prompt_uncached_cost": 0.0008012500000000001,
  "prompt_cached_tokens": 0,
  "prompt_cached_cost": 0.0,
  "output_tokens": 3828,
  "cost_output": 0.03828,
  "reasoning_tokens": 20032,
  "cost_reasoning": 0.20032000000000003,
  "total_cost": 0.23940125000000004
}