{
  "prompt_uncached_tokens": 641,
  "prompt_uncached_cost": 0.0007051000000000001,
  "prompt_cached_tokens": 0,
  "prompt_cached_cost": 0.0,
  "output_tokens": 2208,
  "cost_output": 0.0097152,
  "reasoning_tokens": 11200,
  "cost_reasoning": 0.049280000000000004,
  "total_cost": 0.059700300000000005
}