{
  "prompt_uncached_tokens": 698,
  "prompt_uncached_cost": 0.0008725000000000001,
  "prompt_cached_tokens": 0,
  "prompt_cached_cost": 0.0,
  "output_tokens": 3481,
  "cost_output": 0.026107500000000002,
  "reasoning_tokens": 48125,
  "cost_reasoning": 0.3609375,
  "total_cost": 0.3879175
}