{
  "prompt_uncached_tokens": 698,
  "prompt_uncached_cost": 0.0008725000000000001,
  "prompt_cached_tokens": 0,
  "prompt_cached_cost": 0.0,
  "output_tokens": 2549,
  "cost_output": 0.025490000000000002,
  "reasoning_tokens": 13632,
  "cost_reasoning": 0.13632000000000002,
  "total_cost": 0.16268250000000004
}