{
  "prompt_uncached_tokens": 706,
  "prompt_uncached_cost": 0.0008825,
  "prompt_cached_tokens": 0,
  "prompt_cached_cost": 0.0,
  "output_tokens": 4489,
  "cost_output": 0.044890000000000006,
  "reasoning_tokens": 22528,
  "cost_reasoning": 0.22528,
  "total_cost": 0.27105250000000003
}