{
  "prompt_uncached_tokens": 526,
  "prompt_uncached_cost": 0.0006575000000000001,
  "prompt_cached_tokens": 0,
  "prompt_cached_cost": 0.0,
  "output_tokens": 3325,
  "cost_output": 0.0249375,
  "reasoning_tokens": 58880,
  "cost_reasoning": 0.4416,
  "total_cost": 0.46719499999999997
}