{
  "prompt_uncached_tokens": 424,
  "prompt_uncached_cost": 0.00026500000000000004,
  "prompt_cached_tokens": 0,
  "prompt_cached_cost": 0.0,
  "output_tokens": 1577,
  "cost_output": 0.007885000000000001,
  "reasoning_tokens": 8525,
  "cost_reasoning": 0.042625,
  "total_cost": 0.050775
}