{
  "prompt_uncached_tokens": 766,
  "prompt_uncached_cost": 0.0009575000000000001,
  "prompt_cached_tokens": 0,
  "prompt_cached_cost": 0.0,
  "output_tokens": 4055,
  "cost_output": 0.030412500000000002,
  "reasoning_tokens": 63337,
  "cost_reasoning": 0.4750275,
  "total_cost": 0.5063975
}