{
  "prompt_uncached_tokens": 708,
  "prompt_uncached_cost": 0.000885,
  "prompt_cached_tokens": 0,
  "prompt_cached_cost": 0.0,
  "output_tokens": 1923,
  "cost_output": 0.01923,
  "reasoning_tokens": 10496,
  "cost_reasoning": 0.10496000000000001,
  "total_cost": 0.12507500000000002
}