{
  "prompt_uncached_tokens": 708,
  "prompt_uncached_cost": 0.0007788000000000001,
  "prompt_cached_tokens": 0,
  "prompt_cached_cost": 0.0,
  "output_tokens": 3126,
  "cost_output": 0.0137544,
  "reasoning_tokens": 23040,
  "cost_reasoning": 0.10137600000000001,
  "total_cost": 0.1159092
}