{
  "prompt_uncached_tokens": 708,
  "prompt_uncached_cost": 0.0004425,
  "prompt_cached_tokens": 0,
  "prompt_cached_cost": 0.0,
  "output_tokens": 2770,
  "cost_output": 0.013850000000000001,
  "reasoning_tokens": 9951,
  "cost_reasoning": 0.049755,
  "total_cost": 0.06404750000000001
}