{
  "prompt_uncached_tokens": 766,
  "prompt_uncached_cost": 0.0009575000000000001,
  "prompt_cached_tokens": 0,
  "prompt_cached_cost": 0.0,
  "output_tokens": 4391,
  "cost_output": 0.0329325,
  "reasoning_tokens": 73555,
  "cost_reasoning": 0.5516625000000001,
  "total_cost": 0.5855525
}