{
  "prompt_uncached_tokens": 766,
  "prompt_uncached_cost": 0.00047875000000000006,
  "prompt_cached_tokens": 0,
  "prompt_cached_cost": 0.0,
  "output_tokens": 3524,
  "cost_output": 0.01762,
  "reasoning_tokens": 28855,
  "cost_reasoning": 0.14427500000000001,
  "total_cost": 0.16237375
}