{
  "prompt_uncached_tokens": 364,
  "prompt_uncached_cost": 0.00022750000000000003,
  "prompt_cached_tokens": 0,
  "prompt_cached_cost": 0.0,
  "output_tokens": 1259,
  "cost_output": 0.006295,
  "reasoning_tokens": 5458,
  "cost_reasoning": 0.027290000000000002,
  "total_cost": 0.0338125
}