{
  "prompt_uncached_tokens": 364,
  "prompt_uncached_cost": 0.00045500000000000006,
  "prompt_cached_tokens": 0,
  "prompt_cached_cost": 0.0,
  "output_tokens": 1474,
  "cost_output": 0.014740000000000001,
  "reasoning_tokens": 7296,
  "cost_reasoning": 0.07296000000000001,
  "total_cost": 0.08815500000000001
}