{
  "prompt_uncached_tokens": 766,
  "prompt_uncached_cost": 0.0009575000000000001,
  "prompt_cached_tokens": 0,
  "prompt_cached_cost": 0.0,
  "output_tokens": 4116,
  "cost_output": 0.04116,
  "reasoning_tokens": 19072,
  "cost_reasoning": 0.19072000000000003,
  "total_cost": 0.23283750000000003
}