{
  "prompt_uncached_tokens": 766,
  "prompt_uncached_cost": 0.0009575000000000001,
  "prompt_cached_tokens": 0,
  "prompt_cached_cost": 0.0,
  "output_tokens": 6995,
  "cost_output": 0.0524625,
  "reasoning_tokens": 79945,
  "cost_reasoning": 0.5995875,
  "total_cost": 0.6530075000000001
}