{
  "prompt_uncached_tokens": 497,
  "prompt_uncached_cost": 0.0006212500000000001,
  "prompt_cached_tokens": 0,
  "prompt_cached_cost": 0.0,
  "output_tokens": 3953,
  "cost_output": 0.0296475,
  "reasoning_tokens": 54941,
  "cost_reasoning": 0.4120575,
  "total_cost": 0.44232625000000003
}