{
  "prompt_uncached_tokens": 497,
  "prompt_uncached_cost": 0.00031062500000000003,
  "prompt_cached_tokens": 0,
  "prompt_cached_cost": 0.0,
  "output_tokens": 2957,
  "cost_output": 0.014785000000000001,
  "reasoning_tokens": 8201,
  "cost_reasoning": 0.04100500000000001,
  "total_cost": 0.05610062500000001
}