{
  "prompt_uncached_tokens": 497,
  "prompt_uncached_cost": 0.0006212500000000001,
  "prompt_cached_tokens": 0,
  "prompt_cached_cost": 0.0,
  "output_tokens": 1978,
  "cost_output": 0.019780000000000002,
  "reasoning_tokens": 9024,
  "cost_reasoning": 0.09024,
  "total_cost": 0.11064125
}