{
  "prompt_uncached_tokens": 727,
  "prompt_uncached_cost": 0.000454375,
  "prompt_cached_tokens": 0,
  "prompt_cached_cost": 0.0,
  "output_tokens": 2991,
  "cost_output": 0.014955000000000001,
  "reasoning_tokens": 13337,
  "cost_reasoning": 0.06668500000000001,
  "total_cost": 0.08209437500000001
}