{
  "prompt_uncached_tokens": 727,
  "prompt_uncached_cost": 0.00090875,
  "prompt_cached_tokens": 0,
  "prompt_cached_cost": 0.0,
  "output_tokens": 3275,
  "cost_output": 0.0245625,
  "reasoning_tokens": 55053,
  "cost_reasoning": 0.41289750000000003,
  "total_cost": 0.43836875000000003
}