{
  "prompt_uncached_tokens": 727,
  "prompt_uncached_cost": 0.00090875,
  "prompt_cached_tokens": 0,
  "prompt_cached_cost": 0.0,
  "output_tokens": 2655,
  "cost_output": 0.02655,
  "reasoning_tokens": 14592,
  "cost_reasoning": 0.14592000000000002,
  "total_cost": 0.17337875000000003
}