{
  "prompt_uncached_tokens": 641,
  "prompt_uncached_cost": 0.0008012500000000001,
  "prompt_cached_tokens": 0,
  "prompt_cached_cost": 0.0,
  "output_tokens": 5208,
  "cost_output": 0.039060000000000004,
  "reasoning_tokens": 79184,
  "cost_reasoning": 0.59388,
  "total_cost": 0.6337412499999999
}