{
  "prompt_uncached_tokens": 641,
  "prompt_uncached_cost": 0.00040062500000000005,
  "prompt_cached_tokens": 0,
  "prompt_cached_cost": 0.0,
  "output_tokens": 2394,
  "cost_output": 0.011970000000000001,
  "reasoning_tokens": 17809,
  "cost_reasoning": 0.08904500000000001,
  "total_cost": 0.10141562500000001
}