{
  "prompt_uncached_tokens": 526,
  "prompt_uncached_cost": 0.0006575000000000001,
  "prompt_cached_tokens": 0,
  "prompt_cached_cost": 0.0,
  "output_tokens": 1294,
  "cost_output": 0.012940000000000002,
  "reasoning_tokens": 7360,
  "cost_reasoning": 0.07360000000000001,
  "total_cost": 0.08719750000000001
}