{
  "prompt_uncached_tokens": 497,
  "prompt_uncached_cost": 0.00031062500000000003,
  "prompt_cached_tokens": 0,
  "prompt_cached_cost": 0.0,
  "output_tokens": 2259,
  "cost_output": 0.011295000000000001,
  "reasoning_tokens": 14809,
  "cost_reasoning": 0.074045,
  "total_cost": 0.08565062500000001
}