{
  "prompt_uncached_tokens": 497,
  "prompt_uncached_cost": 0.0006212500000000001,
  "prompt_cached_tokens": 0,
  "prompt_cached_cost": 0.0,
  "output_tokens": 3326,
  "cost_output": 0.024945000000000002,
  "reasoning_tokens": 62444,
  "cost_reasoning": 0.46833,
  "total_cost": 0.49389625000000004
}