{
  "prompt_uncached_tokens": 1355,
  "prompt_uncached_cost": 0.0008468750000000001,
  "prompt_cached_tokens": 0,
  "prompt_cached_cost": 0.0,
  "output_tokens": 3894,
  "cost_output": 0.01947,
  "reasoning_tokens": 31233,
  "cost_reasoning": 0.15616500000000003,
  "total_cost": 0.17648187500000004
}