{
  "prompt_uncached_tokens": 75,
  "prompt_uncached_cost": 9.375e-05,
  "prompt_cached_tokens": 1280,
  "prompt_cached_cost": 0.0008,
  "output_tokens": 4815,
  "cost_output": 0.048150000000000005,
  "reasoning_tokens": 13568,
  "cost_reasoning": 0.13568000000000002,
  "total_cost": 0.18472375000000002
}