{
  "prompt_uncached_tokens": 727,
  "prompt_uncached_cost": 0.000454375,
  "prompt_cached_tokens": 0,
  "prompt_cached_cost": 0.0,
  "output_tokens": 3176,
  "cost_output": 0.015880000000000002,
  "reasoning_tokens": 10375,
  "cost_reasoning": 0.051875000000000004,
  "total_cost": 0.068209375
}