{
  "prompt_uncached_tokens": 698,
  "prompt_uncached_cost": 0.00043625000000000006,
  "prompt_cached_tokens": 0,
  "prompt_cached_cost": 0.0,
  "output_tokens": 2667,
  "cost_output": 0.013335000000000001,
  "reasoning_tokens": 11563,
  "cost_reasoning": 0.057815000000000005,
  "total_cost": 0.07158625
}