{
  "prompt_uncached_tokens": 879,
  "prompt_uncached_cost": 0.0010987500000000001,
  "prompt_cached_tokens": 0,
  "prompt_cached_cost": 0.0,
  "output_tokens": 4520,
  "cost_output": 0.045200000000000004,
  "reasoning_tokens": 17856,
  "cost_reasoning": 0.17856000000000002,
  "total_cost": 0.22485875000000002
}