{
  "prompt_uncached_tokens": 879,
  "prompt_uncached_cost": 0.0009669,
  "prompt_cached_tokens": 0,
  "prompt_cached_cost": 0.0,
  "output_tokens": 2918,
  "cost_output": 0.0128392,
  "reasoning_tokens": 18752,
  "cost_reasoning": 0.08250880000000001,
  "total_cost": 0.09631490000000001
}