{
  "prompt_uncached_tokens": 497,
  "prompt_uncached_cost": 0.00031062500000000003,
  "prompt_cached_tokens": 0,
  "prompt_cached_cost": 0.0,
  "output_tokens": 1982,
  "cost_output": 0.00991,
  "reasoning_tokens": 9407,
  "cost_reasoning": 0.047035,
  "total_cost": 0.057255625000000004
}