{
  "prompt_uncached_tokens": 497,
  "prompt_uncached_cost": 0.0005467,
  "prompt_cached_tokens": 0,
  "prompt_cached_cost": 0.0,
  "output_tokens": 1723,
  "cost_output": 0.007581200000000001,
  "reasoning_tokens": 5952,
  "cost_reasoning": 0.0261888,
  "total_cost": 0.034316700000000006
}