{
  "prompt_uncached_tokens": 497,
  "prompt_uncached_cost": 0.0006212500000000001,
  "prompt_cached_tokens": 0,
  "prompt_cached_cost": 0.0,
  "output_tokens": 1558,
  "cost_output": 0.015580000000000002,
  "reasoning_tokens": 5568,
  "cost_reasoning": 0.05568000000000001,
  "total_cost": 0.07188125000000001
}