{
  "prompt_uncached_tokens": 766,
  "prompt_uncached_cost": 0.0009575000000000001,
  "prompt_cached_tokens": 0,
  "prompt_cached_cost": 0.0,
  "output_tokens": 3252,
  "cost_output": 0.024390000000000002,
  "reasoning_tokens": 56722,
  "cost_reasoning": 0.425415,
  "total_cost": 0.4507625
}