{
  "prompt_uncached_tokens": 342,
  "prompt_uncached_cost": 0.00042750000000000004,
  "prompt_cached_tokens": 0,
  "prompt_cached_cost": 0.0,
  "output_tokens": 1698,
  "cost_output": 0.016980000000000002,
  "reasoning_tokens": 8192,
  "cost_reasoning": 0.08192,
  "total_cost": 0.09932750000000001
}