{
  "prompt_uncached_tokens": 342,
  "prompt_uncached_cost": 0.00021375000000000002,
  "prompt_cached_tokens": 0,
  "prompt_cached_cost": 0.0,
  "output_tokens": 1117,
  "cost_output": 0.0055850000000000006,
  "reasoning_tokens": 7181,
  "cost_reasoning": 0.035905000000000006,
  "total_cost": 0.041703750000000005
}