{
  "prompt_uncached_tokens": 342,
  "prompt_uncached_cost": 0.00042750000000000004,
  "prompt_cached_tokens": 0,
  "prompt_cached_cost": 0.0,
  "output_tokens": 3357,
  "cost_output": 0.025177500000000002,
  "reasoning_tokens": 42850,
  "cost_reasoning": 0.321375,
  "total_cost": 0.34698
}