{
  "prompt_uncached_tokens": 75,
  "prompt_uncached_cost": 9.375e-05,
  "prompt_cached_tokens": 1280,
  "prompt_cached_cost": 0.0008,
  "output_tokens": 3820,
  "cost_output": 0.038200000000000005,
  "reasoning_tokens": 17728,
  "cost_reasoning": 0.17728000000000002,
  "total_cost": 0.21637375000000003
}