{
  "prompt_uncached_tokens": 1355,
  "prompt_uncached_cost": 0.0008468750000000001,
  "prompt_cached_tokens": 0,
  "prompt_cached_cost": 0.0,
  "output_tokens": 4514,
  "cost_output": 0.022570000000000003,
  "reasoning_tokens": 33578,
  "cost_reasoning": 0.16789,
  "total_cost": 0.19130687500000002
}