{
  "prompt_uncached_tokens": 708,
  "prompt_uncached_cost": 0.000885,
  "prompt_cached_tokens": 0,
  "prompt_cached_cost": 0.0,
  "output_tokens": 2382,
  "cost_output": 0.02382,
  "reasoning_tokens": 12288,
  "cost_reasoning": 0.12288000000000002,
  "total_cost": 0.14758500000000002
}