{
  "prompt_uncached_tokens": 766,
  "prompt_uncached_cost": 0.0009575000000000001,
  "prompt_cached_tokens": 0,
  "prompt_cached_cost": 0.0,
  "output_tokens": 3768,
  "cost_output": 0.037680000000000005,
  "reasoning_tokens": 19328,
  "cost_reasoning": 0.19328,
  "total_cost": 0.2319175
}