{
  "prompt_uncached_tokens": 563,
  "prompt_uncached_cost": 0.0007037500000000001,
  "prompt_cached_tokens": 0,
  "prompt_cached_cost": 0.0,
  "output_tokens": 3151,
  "cost_output": 0.03151,
  "reasoning_tokens": 15232,
  "cost_reasoning": 0.15232,
  "total_cost": 0.18453375000000002
}