{
  "prompt_uncached_tokens": 563,
  "prompt_uncached_cost": 0.00035187500000000003,
  "prompt_cached_tokens": 0,
  "prompt_cached_cost": 0.0,
  "output_tokens": 2477,
  "cost_output": 0.012385,
  "reasoning_tokens": 16998,
  "cost_reasoning": 0.08499000000000001,
  "total_cost": 0.097726875
}