{
  "prompt_uncached_tokens": 727,
  "prompt_uncached_cost": 0.00090875,
  "prompt_cached_tokens": 0,
  "prompt_cached_cost": 0.0,
  "output_tokens": 3292,
  "cost_output": 0.02469,
  "reasoning_tokens": 57968,
  "cost_reasoning": 0.43476000000000004,
  "total_cost": 0.46035875000000004
}