{
  "prompt_uncached_tokens": 727,
  "prompt_uncached_cost": 0.00090875,
  "prompt_cached_tokens": 0,
  "prompt_cached_cost": 0.0,
  "output_tokens": 2700,
  "cost_output": 0.027000000000000003,
  "reasoning_tokens": 12224,
  "cost_reasoning": 0.12224000000000002,
  "total_cost": 0.15014875000000003
}