{
  "prompt_uncached_tokens": 686,
  "prompt_uncached_cost": 0.0007546,
  "prompt_cached_tokens": 0,
  "prompt_cached_cost": 0.0,
  "output_tokens": 1969,
  "cost_output": 0.0086636,
  "reasoning_tokens": 20608,
  "cost_reasoning": 0.09067520000000001,
  "total_cost": 0.10009340000000001
}