{
  "prompt_uncached_tokens": 581,
  "prompt_uncached_cost": 0.000363125,
  "prompt_cached_tokens": 0,
  "prompt_cached_cost": 0.0,
  "output_tokens": 2818,
  "cost_output": 0.014090000000000002,
  "reasoning_tokens": 21244,
  "cost_reasoning": 0.10622000000000001,
  "total_cost": 0.120673125
}