{
  "prompt_uncached_tokens": 686,
  "prompt_uncached_cost": 0.0007546,
  "prompt_cached_tokens": 0,
  "prompt_cached_cost": 0.0,
  "output_tokens": 2150,
  "cost_output": 0.00946,
  "reasoning_tokens": 17856,
  "cost_reasoning": 0.07856640000000001,
  "total_cost": 0.08878100000000001
}