{
  "prompt_uncached_tokens": 766,
  "prompt_uncached_cost": 0.0009575000000000001,
  "prompt_cached_tokens": 0,
  "prompt_cached_cost": 0.0,
  "output_tokens": 5264,
  "cost_output": 0.03948,
  "reasoning_tokens": 83454,
  "cost_reasoning": 0.625905,
  "total_cost": 0.6663425000000001
}