{
  "prompt_uncached_tokens": 766,
  "prompt_uncached_cost": 0.0009575000000000001,
  "prompt_cached_tokens": 0,
  "prompt_cached_cost": 0.0,
  "output_tokens": 3623,
  "cost_output": 0.036230000000000005,
  "reasoning_tokens": 17920,
  "cost_reasoning": 0.17920000000000003,
  "total_cost": 0.21638750000000004
}