{
  "prompt_uncached_tokens": 766,
  "prompt_uncached_cost": 0.00047875000000000006,
  "prompt_cached_tokens": 0,
  "prompt_cached_cost": 0.0,
  "output_tokens": 2357,
  "cost_output": 0.011785,
  "reasoning_tokens": 28300,
  "cost_reasoning": 0.14150000000000001,
  "total_cost": 0.15376375
}