{
  "prompt_uncached_tokens": 581,
  "prompt_uncached_cost": 0.0006391000000000001,
  "prompt_cached_tokens": 0,
  "prompt_cached_cost": 0.0,
  "output_tokens": 3493,
  "cost_output": 0.015369200000000001,
  "reasoning_tokens": 21888,
  "cost_reasoning": 0.09630720000000001,
  "total_cost": 0.11231550000000001
}