{
  "prompt_uncached_tokens": 424,
  "prompt_uncached_cost": 0.0005300000000000001,
  "prompt_cached_tokens": 0,
  "prompt_cached_cost": 0.0,
  "output_tokens": 1515,
  "cost_output": 0.015150000000000002,
  "reasoning_tokens": 8064,
  "cost_reasoning": 0.08064,
  "total_cost": 0.09632
}