{
  "prompt_uncached_tokens": 424,
  "prompt_uncached_cost": 0.00026500000000000004,
  "prompt_cached_tokens": 0,
  "prompt_cached_cost": 0.0,
  "output_tokens": 1355,
  "cost_output": 0.006775000000000001,
  "reasoning_tokens": 6063,
  "cost_reasoning": 0.030315,
  "total_cost": 0.037355
}