{
  "prompt_uncached_tokens": 424,
  "prompt_uncached_cost": 0.0005300000000000001,
  "prompt_cached_tokens": 0,
  "prompt_cached_cost": 0.0,
  "output_tokens": 5033,
  "cost_output": 0.0377475,
  "reasoning_tokens": 76285,
  "cost_reasoning": 0.5721375,
  "total_cost": 0.6104149999999999
}