{
  "prompt_uncached_tokens": 342,
  "prompt_uncached_cost": 0.00042750000000000004,
  "prompt_cached_tokens": 0,
  "prompt_cached_cost": 0.0,
  "output_tokens": 1533,
  "cost_output": 0.015330000000000002,
  "reasoning_tokens": 8128,
  "cost_reasoning": 0.08128,
  "total_cost": 0.0970375
}