{
  "prompt_uncached_tokens": 342,
  "prompt_uncached_cost": 0.00021375000000000002,
  "prompt_cached_tokens": 0,
  "prompt_cached_cost": 0.0,
  "output_tokens": 1679,
  "cost_output": 0.008395000000000001,
  "reasoning_tokens": 7980,
  "cost_reasoning": 0.039900000000000005,
  "total_cost": 0.04850875
}