{
  "prompt_uncached_tokens": 581,
  "prompt_uncached_cost": 0.00072625,
  "prompt_cached_tokens": 0,
  "prompt_cached_cost": 0.0,
  "output_tokens": 2643,
  "cost_output": 0.026430000000000002,
  "reasoning_tokens": 19840,
  "cost_reasoning": 0.19840000000000002,
  "total_cost": 0.22555625
}