{
  "prompt_uncached_tokens": 581,
  "prompt_uncached_cost": 0.0006391000000000001,
  "prompt_cached_tokens": 0,
  "prompt_cached_cost": 0.0,
  "output_tokens": 2514,
  "cost_output": 0.011061600000000001,
  "reasoning_tokens": 22720,
  "cost_reasoning": 0.099968,
  "total_cost": 0.11166870000000001
}