{
  "prompt_uncached_tokens": 351,
  "prompt_uncached_cost": 0.00043875,
  "prompt_cached_tokens": 0,
  "prompt_cached_cost": 0.0,
  "output_tokens": 1321,
  "cost_output": 0.013210000000000001,
  "reasoning_tokens": 7296,
  "cost_reasoning": 0.07296000000000001,
  "total_cost": 0.08660875000000001
}