{
  "prompt_uncached_tokens": 351,
  "prompt_uncached_cost": 0.000219375,
  "prompt_cached_tokens": 0,
  "prompt_cached_cost": 0.0,
  "output_tokens": 1029,
  "cost_output": 0.005145,
  "reasoning_tokens": 4475,
  "cost_reasoning": 0.022375000000000003,
  "total_cost": 0.027739375000000004
}