{
  "prompt_uncached_tokens": 686,
  "prompt_uncached_cost": 0.00042875000000000004,
  "prompt_cached_tokens": 0,
  "prompt_cached_cost": 0.0,
  "output_tokens": 3396,
  "cost_output": 0.016980000000000002,
  "reasoning_tokens": 18803,
  "cost_reasoning": 0.094015,
  "total_cost": 0.11142375
}