{
  "prompt_uncached_tokens": 766,
  "prompt_uncached_cost": 0.0009575000000000001,
  "prompt_cached_tokens": 0,
  "prompt_cached_cost": 0.0,
  "output_tokens": 4114,
  "cost_output": 0.04114,
  "reasoning_tokens": 17856,
  "cost_reasoning": 0.17856000000000002,
  "total_cost": 0.22065750000000003
}