{
  "prompt_uncached_tokens": 179,
  "prompt_uncached_cost": 0.00022375000000000002,
  "prompt_cached_tokens": 1024,
  "prompt_cached_cost": 0.00012800000000000002,
  "output_tokens": 6113,
  "cost_output": 0.0458475,
  "reasoning_tokens": 71887,
  "cost_reasoning": 0.5391525,
  "total_cost": 0.5853517500000001
}