{
  "prompt_uncached_tokens": 342,
  "prompt_uncached_cost": 0.00021375000000000002,
  "prompt_cached_tokens": 0,
  "prompt_cached_cost": 0.0,
  "output_tokens": 1005,
  "cost_output": 0.005025000000000001,
  "reasoning_tokens": 6812,
  "cost_reasoning": 0.03406,
  "total_cost": 0.03929875
}