{
  "prompt_uncached_tokens": 342,
  "prompt_uncached_cost": 0.00042750000000000004,
  "prompt_cached_tokens": 0,
  "prompt_cached_cost": 0.0,
  "output_tokens": 1120,
  "cost_output": 0.011200000000000002,
  "reasoning_tokens": 5888,
  "cost_reasoning": 0.05888,
  "total_cost": 0.0705075
}