{
  "prompt_uncached_tokens": 408,
  "prompt_uncached_cost": 0.00051,
  "prompt_cached_tokens": 0,
  "prompt_cached_cost": 0.0,
  "output_tokens": 1408,
  "cost_output": 0.01408,
  "reasoning_tokens": 6080,
  "cost_reasoning": 0.06080000000000001,
  "total_cost": 0.07539000000000001
}