{
  "prompt_uncached_tokens": 408,
  "prompt_uncached_cost": 0.000255,
  "prompt_cached_tokens": 0,
  "prompt_cached_cost": 0.0,
  "output_tokens": 1347,
  "cost_output": 0.0067350000000000005,
  "reasoning_tokens": 6196,
  "cost_reasoning": 0.030980000000000004,
  "total_cost": 0.037970000000000004
}