{
  "prompt_uncached_tokens": 351,
  "prompt_uncached_cost": 0.000219375,
  "prompt_cached_tokens": 0,
  "prompt_cached_cost": 0.0,
  "output_tokens": 1298,
  "cost_output": 0.00649,
  "reasoning_tokens": 3301,
  "cost_reasoning": 0.016505000000000002,
  "total_cost": 0.023214375000000002
}