{
  "prompt_uncached_tokens": 351,
  "prompt_uncached_cost": 0.00043875,
  "prompt_cached_tokens": 0,
  "prompt_cached_cost": 0.0,
  "output_tokens": 980,
  "cost_output": 0.009800000000000001,
  "reasoning_tokens": 6656,
  "cost_reasoning": 0.06656000000000001,
  "total_cost": 0.07679875000000001
}