{
  "prompt_uncached_tokens": 879,
  "prompt_uncached_cost": 0.0005493750000000001,
  "prompt_cached_tokens": 0,
  "prompt_cached_cost": 0.0,
  "output_tokens": 3440,
  "cost_output": 0.0172,
  "reasoning_tokens": 40369,
  "cost_reasoning": 0.20184500000000002,
  "total_cost": 0.21959437500000004
}