{
  "prompt_uncached_tokens": 467,
  "prompt_uncached_cost": 0.0005137000000000001,
  "prompt_cached_tokens": 0,
  "prompt_cached_cost": 0.0,
  "output_tokens": 1173,
  "cost_output": 0.0051612,
  "reasoning_tokens": 8640,
  "cost_reasoning": 0.038016,
  "total_cost": 0.043690900000000005
}