{
  "prompt_uncached_tokens": 708,
  "prompt_uncached_cost": 0.000885,
  "prompt_cached_tokens": 0,
  "prompt_cached_cost": 0.0,
  "output_tokens": 2267,
  "cost_output": 0.022670000000000003,
  "reasoning_tokens": 13440,
  "cost_reasoning": 0.13440000000000002,
  "total_cost": 0.157955
}