{
  "prompt_uncached_tokens": 364,
  "prompt_uncached_cost": 0.00045500000000000006,
  "prompt_cached_tokens": 0,
  "prompt_cached_cost": 0.0,
  "output_tokens": 1393,
  "cost_output": 0.013930000000000001,
  "reasoning_tokens": 6336,
  "cost_reasoning": 0.06336,
  "total_cost": 0.07774500000000001
}