{
  "prompt_uncached_tokens": 364,
  "prompt_uncached_cost": 0.00040040000000000003,
  "prompt_cached_tokens": 0,
  "prompt_cached_cost": 0.0,
  "output_tokens": 1243,
  "cost_output": 0.0054692000000000005,
  "reasoning_tokens": 3264,
  "cost_reasoning": 0.0143616,
  "total_cost": 0.0202312
}