{
  "prompt_uncached_tokens": 408,
  "prompt_uncached_cost": 0.00051,
  "prompt_cached_tokens": 0,
  "prompt_cached_cost": 0.0,
  "output_tokens": 1545,
  "cost_output": 0.015450000000000002,
  "reasoning_tokens": 8768,
  "cost_reasoning": 0.08768000000000001,
  "total_cost": 0.10364000000000001
}