{
  "prompt_uncached_tokens": 408,
  "prompt_uncached_cost": 0.00051,
  "prompt_cached_tokens": 0,
  "prompt_cached_cost": 0.0,
  "output_tokens": 2430,
  "cost_output": 0.018225,
  "reasoning_tokens": 42848,
  "cost_reasoning": 0.32136000000000003,
  "total_cost": 0.34009500000000004
}