{
  "prompt_uncached_tokens": 408,
  "prompt_uncached_cost": 0.000255,
  "prompt_cached_tokens": 0,
  "prompt_cached_cost": 0.0,
  "output_tokens": 1273,
  "cost_output": 0.006365000000000001,
  "reasoning_tokens": 6069,
  "cost_reasoning": 0.030345000000000004,
  "total_cost": 0.036965000000000005
}