{
  "prompt_uncached_tokens": 364,
  "prompt_uncached_cost": 0.00045500000000000006,
  "prompt_cached_tokens": 0,
  "prompt_cached_cost": 0.0,
  "output_tokens": 1173,
  "cost_output": 0.01173,
  "reasoning_tokens": 7360,
  "cost_reasoning": 0.07360000000000001,
  "total_cost": 0.08578500000000001
}