{
  "prompt_uncached_tokens": 179,
  "prompt_uncached_cost": 0.00022375000000000002,
  "prompt_cached_tokens": 1024,
  "prompt_cached_cost": 0.00012800000000000002,
  "output_tokens": 6345,
  "cost_output": 0.0475875,
  "reasoning_tokens": 74273,
  "cost_reasoning": 0.5570475,
  "total_cost": 0.60498675
}