{
  "prompt_uncached_tokens": 364,
  "prompt_uncached_cost": 0.00045500000000000006,
  "prompt_cached_tokens": 0,
  "prompt_cached_cost": 0.0,
  "output_tokens": 1090,
  "cost_output": 0.010900000000000002,
  "reasoning_tokens": 5888,
  "cost_reasoning": 0.05888,
  "total_cost": 0.070235
}