{
  "prompt_uncached_tokens": 351,
  "prompt_uncached_cost": 0.00043875,
  "prompt_cached_tokens": 0,
  "prompt_cached_cost": 0.0,
  "output_tokens": 1516,
  "cost_output": 0.015160000000000002,
  "reasoning_tokens": 7936,
  "cost_reasoning": 0.07936,
  "total_cost": 0.09495875000000001
}