{
  "prompt_uncached_tokens": 766,
  "prompt_uncached_cost": 0.0009575000000000001,
  "prompt_cached_tokens": 0,
  "prompt_cached_cost": 0.0,
  "output_tokens": 5186,
  "cost_output": 0.038895,
  "reasoning_tokens": 76798,
  "cost_reasoning": 0.575985,
  "total_cost": 0.6158374999999999
}