{
  "prompt_uncached_tokens": 766,
  "prompt_uncached_cost": 0.00047875000000000006,
  "prompt_cached_tokens": 0,
  "prompt_cached_cost": 0.0,
  "output_tokens": 3991,
  "cost_output": 0.019955,
  "reasoning_tokens": 22800,
  "cost_reasoning": 0.114,
  "total_cost": 0.13443375000000002
}