{
  "prompt_uncached_tokens": 342,
  "prompt_uncached_cost": 0.00021375000000000002,
  "prompt_cached_tokens": 0,
  "prompt_cached_cost": 0.0,
  "output_tokens": 1216,
  "cost_output": 0.00608,
  "reasoning_tokens": 4963,
  "cost_reasoning": 0.024815000000000004,
  "total_cost": 0.031108750000000004
}