{
  "prompt_uncached_tokens": 766,
  "prompt_uncached_cost": 0.0009575000000000001,
  "prompt_cached_tokens": 0,
  "prompt_cached_cost": 0.0,
  "output_tokens": 2360,
  "cost_output": 0.023600000000000003,
  "reasoning_tokens": 11264,
  "cost_reasoning": 0.11264,
  "total_cost": 0.1371975
}