{
  "prompt_uncached_tokens": 766,
  "prompt_uncached_cost": 0.0008426,
  "prompt_cached_tokens": 0,
  "prompt_cached_cost": 0.0,
  "output_tokens": 2794,
  "cost_output": 0.0122936,
  "reasoning_tokens": 18752,
  "cost_reasoning": 0.08250880000000001,
  "total_cost": 0.09564500000000001
}