{
  "prompt_uncached_tokens": 581,
  "prompt_uncached_cost": 0.000363125,
  "prompt_cached_tokens": 0,
  "prompt_cached_cost": 0.0,
  "output_tokens": 2300,
  "cost_output": 0.011500000000000002,
  "reasoning_tokens": 14586,
  "cost_reasoning": 0.07293000000000001,
  "total_cost": 0.08479312500000001
}