{
  "prompt_uncached_tokens": 879,
  "prompt_uncached_cost": 0.0005493750000000001,
  "prompt_cached_tokens": 0,
  "prompt_cached_cost": 0.0,
  "output_tokens": 3490,
  "cost_output": 0.01745,
  "reasoning_tokens": 30120,
  "cost_reasoning": 0.1506,
  "total_cost": 0.16859937500000002
}