{
  "prompt_uncached_tokens": 879,
  "prompt_uncached_cost": 0.0010987500000000001,
  "prompt_cached_tokens": 0,
  "prompt_cached_cost": 0.0,
  "output_tokens": 5238,
  "cost_output": 0.05238,
  "reasoning_tokens": 21120,
  "cost_reasoning": 0.21120000000000003,
  "total_cost": 0.26467875
}