{
  "prompt_uncached_tokens": 879,
  "prompt_uncached_cost": 0.0010987500000000001,
  "prompt_cached_tokens": 0,
  "prompt_cached_cost": 0.0,
  "output_tokens": 4829,
  "cost_output": 0.0362175,
  "reasoning_tokens": 62974,
  "cost_reasoning": 0.47230500000000003,
  "total_cost": 0.50962125
}