{
  "prompt_uncached_tokens": 766,
  "prompt_uncached_cost": 0.00047875000000000006,
  "prompt_cached_tokens": 0,
  "prompt_cached_cost": 0.0,
  "output_tokens": 3065,
  "cost_output": 0.015325000000000002,
  "reasoning_tokens": 21338,
  "cost_reasoning": 0.10669000000000001,
  "total_cost": 0.12249375000000001
}