{
  "prompt_uncached_tokens": 1203,
  "prompt_uncached_cost": 0.0013233000000000001,
  "prompt_cached_tokens": 0,
  "prompt_cached_cost": 0.0,
  "output_tokens": 2865,
  "cost_output": 0.012606000000000001,
  "reasoning_tokens": 20544,
  "cost_reasoning": 0.0903936,
  "total_cost": 0.10432290000000001
}