{
  "prompt_uncached_tokens": 1203,
  "prompt_uncached_cost": 0.000751875,
  "prompt_cached_tokens": 0,
  "prompt_cached_cost": 0.0,
  "output_tokens": 4045,
  "cost_output": 0.020225,
  "reasoning_tokens": 32154,
  "cost_reasoning": 0.16077000000000002,
  "total_cost": 0.18174687500000003
}