{
  "prompt_uncached_tokens": 766,
  "prompt_uncached_cost": 0.0008426,
  "prompt_cached_tokens": 0,
  "prompt_cached_cost": 0.0,
  "output_tokens": 3968,
  "cost_output": 0.0174592,
  "reasoning_tokens": 25152,
  "cost_reasoning": 0.11066880000000001,
  "total_cost": 0.12897060000000002
}