{
  "prompt_uncached_tokens": 766,
  "prompt_uncached_cost": 0.0009575000000000001,
  "prompt_cached_tokens": 0,
  "prompt_cached_cost": 0.0,
  "output_tokens": 4618,
  "cost_output": 0.034635,
  "reasoning_tokens": 80101,
  "cost_reasoning": 0.6007575,
  "total_cost": 0.6363500000000001
}