{
  "prompt_uncached_tokens": 766,
  "prompt_uncached_cost": 0.00047875000000000006,
  "prompt_cached_tokens": 0,
  "prompt_cached_cost": 0.0,
  "output_tokens": 3710,
  "cost_output": 0.01855,
  "reasoning_tokens": 35495,
  "cost_reasoning": 0.17747500000000002,
  "total_cost": 0.19650375000000003
}