{
  "prompt_uncached_tokens": 526,
  "prompt_uncached_cost": 0.00032875000000000005,
  "prompt_cached_tokens": 0,
  "prompt_cached_cost": 0.0,
  "output_tokens": 1521,
  "cost_output": 0.007605000000000001,
  "reasoning_tokens": 7578,
  "cost_reasoning": 0.03789,
  "total_cost": 0.045823749999999996
}