{
  "prompt_uncached_tokens": 526,
  "prompt_uncached_cost": 0.0006575000000000001,
  "prompt_cached_tokens": 0,
  "prompt_cached_cost": 0.0,
  "output_tokens": 1402,
  "cost_output": 0.014020000000000001,
  "reasoning_tokens": 6272,
  "cost_reasoning": 0.06272000000000001,
  "total_cost": 0.07739750000000001
}