{
  "prompt_uncached_tokens": 467,
  "prompt_uncached_cost": 0.0005137000000000001,
  "prompt_cached_tokens": 0,
  "prompt_cached_cost": 0.0,
  "output_tokens": 1478,
  "cost_output": 0.006503200000000001,
  "reasoning_tokens": 8192,
  "cost_reasoning": 0.0360448,
  "total_cost": 0.0430617
}