{
  "prompt_uncached_tokens": 466,
  "prompt_uncached_cost": 0.0005825,
  "prompt_cached_tokens": 0,
  "prompt_cached_cost": 0.0,
  "output_tokens": 1364,
  "cost_output": 0.013640000000000001,
  "reasoning_tokens": 8960,
  "cost_reasoning": 0.08960000000000001,
  "total_cost": 0.10382250000000001
}