{
  "prompt_uncached_tokens": 526,
  "prompt_uncached_cost": 0.0006575000000000001,
  "prompt_cached_tokens": 0,
  "prompt_cached_cost": 0.0,
  "output_tokens": 1659,
  "cost_output": 0.01659,
  "reasoning_tokens": 6080,
  "cost_reasoning": 0.06080000000000001,
  "total_cost": 0.0780475
}