{
  "prompt_uncached_tokens": 879,
  "prompt_uncached_cost": 0.0005493750000000001,
  "prompt_cached_tokens": 0,
  "prompt_cached_cost": 0.0,
  "output_tokens": 3417,
  "cost_output": 0.017085000000000003,
  "reasoning_tokens": 23037,
  "cost_reasoning": 0.11518500000000001,
  "total_cost": 0.13281937500000002
}