{
  "prompt_uncached_tokens": 879,
  "prompt_uncached_cost": 0.0010987500000000001,
  "prompt_cached_tokens": 0,
  "prompt_cached_cost": 0.0,
  "output_tokens": 4584,
  "cost_output": 0.045840000000000006,
  "reasoning_tokens": 13248,
  "cost_reasoning": 0.13248000000000001,
  "total_cost": 0.17941875000000002
}