{
  "prompt_uncached_tokens": 408,
  "prompt_uncached_cost": 0.00051,
  "prompt_cached_tokens": 0,
  "prompt_cached_cost": 0.0,
  "output_tokens": 1562,
  "cost_output": 0.015620000000000002,
  "reasoning_tokens": 7296,
  "cost_reasoning": 0.07296000000000001,
  "total_cost": 0.08909000000000002
}