{
  "prompt_uncached_tokens": 408,
  "prompt_uncached_cost": 0.000255,
  "prompt_cached_tokens": 0,
  "prompt_cached_cost": 0.0,
  "output_tokens": 1577,
  "cost_output": 0.007885000000000001,
  "reasoning_tokens": 12374,
  "cost_reasoning": 0.06187000000000001,
  "total_cost": 0.07001000000000002
}