{
  "prompt_uncached_tokens": 409,
  "prompt_uncached_cost": 0.00044990000000000004,
  "prompt_cached_tokens": 0,
  "prompt_cached_cost": 0.0,
  "output_tokens": 1132,
  "cost_output": 0.0049808000000000005,
  "reasoning_tokens": 5184,
  "cost_reasoning": 0.022809600000000003,
  "total_cost": 0.028240300000000003
}