{
  "prompt_uncached_tokens": 1203,
  "prompt_uncached_cost": 0.000751875,
  "prompt_cached_tokens": 0,
  "prompt_cached_cost": 0.0,
  "output_tokens": 2803,
  "cost_output": 0.014015000000000001,
  "reasoning_tokens": 26291,
  "cost_reasoning": 0.13145500000000002,
  "total_cost": 0.14622187500000003
}