{
  "prompt_uncached_tokens": 51,
  "prompt_uncached_cost": 6.375e-05,
  "prompt_cached_tokens": 1152,
  "prompt_cached_cost": 0.00072,
  "output_tokens": 4232,
  "cost_output": 0.04232,
  "reasoning_tokens": 15616,
  "cost_reasoning": 0.15616000000000002,
  "total_cost": 0.19926375000000002
}