{
  "prompt_uncached_tokens": 1203,
  "prompt_uncached_cost": 0.0013233000000000001,
  "prompt_cached_tokens": 0,
  "prompt_cached_cost": 0.0,
  "output_tokens": 3118,
  "cost_output": 0.0137192,
  "reasoning_tokens": 17600,
  "cost_reasoning": 0.07744000000000001,
  "total_cost": 0.09248250000000001
}