{
  "prompt_uncached_tokens": 706,
  "prompt_uncached_cost": 0.00044125,
  "prompt_cached_tokens": 0,
  "prompt_cached_cost": 0.0,
  "output_tokens": 2624,
  "cost_output": 0.013120000000000001,
  "reasoning_tokens": 17281,
  "cost_reasoning": 0.08640500000000001,
  "total_cost": 0.09996625
}