{
  "prompt_uncached_tokens": 706,
  "prompt_uncached_cost": 0.0008825,
  "prompt_cached_tokens": 0,
  "prompt_cached_cost": 0.0,
  "output_tokens": 3118,
  "cost_output": 0.031180000000000003,
  "reasoning_tokens": 15680,
  "cost_reasoning": 0.15680000000000002,
  "total_cost": 0.18886250000000002
}