{
  "prompt_uncached_tokens": 641,
  "prompt_uncached_cost": 0.0007051000000000001,
  "prompt_cached_tokens": 0,
  "prompt_cached_cost": 0.0,
  "output_tokens": 1895,
  "cost_output": 0.008338,
  "reasoning_tokens": 11264,
  "cost_reasoning": 0.049561600000000004,
  "total_cost": 0.0586047
}