{
  "prompt_uncached_tokens": 1203,
  "prompt_uncached_cost": 0.0013233000000000001,
  "prompt_cached_tokens": 0,
  "prompt_cached_cost": 0.0,
  "output_tokens": 2981,
  "cost_output": 0.0131164,
  "reasoning_tokens": 16576,
  "cost_reasoning": 0.07293440000000001,
  "total_cost": 0.08737410000000001
}