{
  "prompt_uncached_tokens": 51,
  "prompt_uncached_cost": 6.375e-05,
  "prompt_cached_tokens": 1152,
  "prompt_cached_cost": 0.00072,
  "output_tokens": 4550,
  "cost_output": 0.045500000000000006,
  "reasoning_tokens": 15808,
  "cost_reasoning": 0.15808000000000003,
  "total_cost": 0.20436375000000004
}