{
  "prompt_uncached_tokens": 1203,
  "prompt_uncached_cost": 0.0013233000000000001,
  "prompt_cached_tokens": 0,
  "prompt_cached_cost": 0.0,
  "output_tokens": 3729,
  "cost_output": 0.0164076,
  "reasoning_tokens": 20736,
  "cost_reasoning": 0.09123840000000001,
  "total_cost": 0.10896930000000002
}