{
  "prompt_uncached_tokens": 706,
  "prompt_uncached_cost": 0.00044125,
  "prompt_cached_tokens": 0,
  "prompt_cached_cost": 0.0,
  "output_tokens": 3173,
  "cost_output": 0.015865,
  "reasoning_tokens": 23540,
  "cost_reasoning": 0.11770000000000001,
  "total_cost": 0.13400625000000002
}