{
  "prompt_uncached_tokens": 563,
  "prompt_uncached_cost": 0.00035187500000000003,
  "prompt_cached_tokens": 0,
  "prompt_cached_cost": 0.0,
  "output_tokens": 2531,
  "cost_output": 0.012655000000000001,
  "reasoning_tokens": 8062,
  "cost_reasoning": 0.040310000000000006,
  "total_cost": 0.05331687500000001
}