{
  "prompt_uncached_tokens": 581,
  "prompt_uncached_cost": 0.0006391000000000001,
  "prompt_cached_tokens": 0,
  "prompt_cached_cost": 0.0,
  "output_tokens": 2284,
  "cost_output": 0.0100496,
  "reasoning_tokens": 8192,
  "cost_reasoning": 0.0360448,
  "total_cost": 0.046733500000000004
}