{
  "prompt_uncached_tokens": 581,
  "prompt_uncached_cost": 0.00072625,
  "prompt_cached_tokens": 0,
  "prompt_cached_cost": 0.0,
  "output_tokens": 3306,
  "cost_output": 0.033060000000000006,
  "reasoning_tokens": 33984,
  "cost_reasoning": 0.33984000000000003,
  "total_cost": 0.37362625000000005
}