{
  "prompt_uncached_tokens": 497,
  "prompt_uncached_cost": 0.0006212500000000001,
  "prompt_cached_tokens": 0,
  "prompt_cached_cost": 0.0,
  "output_tokens": 2724,
  "cost_output": 0.02043,
  "reasoning_tokens": 51199,
  "cost_reasoning": 0.3839925,
  "total_cost": 0.40504375000000004
}