{
  "prompt_uncached_tokens": 698,
  "prompt_uncached_cost": 0.0008725000000000001,
  "prompt_cached_tokens": 0,
  "prompt_cached_cost": 0.0,
  "output_tokens": 3113,
  "cost_output": 0.03113,
  "reasoning_tokens": 15808,
  "cost_reasoning": 0.15808000000000003,
  "total_cost": 0.19008250000000004
}