{
  "prompt_uncached_tokens": 698,
  "prompt_uncached_cost": 0.0008725000000000001,
  "prompt_cached_tokens": 0,
  "prompt_cached_cost": 0.0,
  "output_tokens": 4031,
  "cost_output": 0.030232500000000002,
  "reasoning_tokens": 65369,
  "cost_reasoning": 0.4902675,
  "total_cost": 0.5213725
}