{
  "prompt_uncached_tokens": 351,
  "prompt_uncached_cost": 0.00043875,
  "prompt_cached_tokens": 0,
  "prompt_cached_cost": 0.0,
  "output_tokens": 2509,
  "cost_output": 0.0188175,
  "reasoning_tokens": 50056,
  "cost_reasoning": 0.37542000000000003,
  "total_cost": 0.39467625000000006
}