{
  "prompt_uncached_tokens": 351,
  "prompt_uncached_cost": 0.000219375,
  "prompt_cached_tokens": 0,
  "prompt_cached_cost": 0.0,
  "output_tokens": 1168,
  "cost_output": 0.005840000000000001,
  "reasoning_tokens": 3648,
  "cost_reasoning": 0.018240000000000003,
  "total_cost": 0.024299375000000005
}