{
  "prompt_uncached_tokens": 364,
  "prompt_uncached_cost": 0.00040040000000000003,
  "prompt_cached_tokens": 0,
  "prompt_cached_cost": 0.0,
  "output_tokens": 766,
  "cost_output": 0.0033704,
  "reasoning_tokens": 3840,
  "cost_reasoning": 0.016896,
  "total_cost": 0.020666800000000003
}