{
  "prompt_uncached_tokens": 364,
  "prompt_uncached_cost": 0.00045500000000000006,
  "prompt_cached_tokens": 0,
  "prompt_cached_cost": 0.0,
  "output_tokens": 1315,
  "cost_output": 0.01315,
  "reasoning_tokens": 5440,
  "cost_reasoning": 0.054400000000000004,
  "total_cost": 0.06800500000000001
}