{
  "prompt_uncached_tokens": 351,
  "prompt_uncached_cost": 0.0003861,
  "prompt_cached_tokens": 0,
  "prompt_cached_cost": 0.0,
  "output_tokens": 656,
  "cost_output": 0.0028864000000000003,
  "reasoning_tokens": 4096,
  "cost_reasoning": 0.0180224,
  "total_cost": 0.021294900000000002
}