{
  "prompt_uncached_tokens": 351,
  "prompt_uncached_cost": 0.00043875,
  "prompt_cached_tokens": 0,
  "prompt_cached_cost": 0.0,
  "output_tokens": 1252,
  "cost_output": 0.012520000000000002,
  "reasoning_tokens": 4416,
  "cost_reasoning": 0.044160000000000005,
  "total_cost": 0.05711875000000001
}