{
  "prompt_uncached_tokens": 364,
  "prompt_uncached_cost": 0.00045500000000000006,
  "prompt_cached_tokens": 0,
  "prompt_cached_cost": 0.0,
  "output_tokens": 1223,
  "cost_output": 0.012230000000000001,
  "reasoning_tokens": 7104,
  "cost_reasoning": 0.07104,
  "total_cost": 0.08372500000000001
}