{
  "prompt_uncached_tokens": 708,
  "prompt_uncached_cost": 0.0007788000000000001,
  "prompt_cached_tokens": 0,
  "prompt_cached_cost": 0.0,
  "output_tokens": 2738,
  "cost_output": 0.012047200000000001,
  "reasoning_tokens": 19456,
  "cost_reasoning": 0.0856064,
  "total_cost": 0.0984324
}