{
  "prompt_uncached_tokens": 708,
  "prompt_uncached_cost": 0.000885,
  "prompt_cached_tokens": 0,
  "prompt_cached_cost": 0.0,
  "output_tokens": 2425,
  "cost_output": 0.02425,
  "reasoning_tokens": 9984,
  "cost_reasoning": 0.09984000000000001,
  "total_cost": 0.12497500000000002
}