{
  "prompt_uncached_tokens": 766,
  "prompt_uncached_cost": 0.00047875000000000006,
  "prompt_cached_tokens": 0,
  "prompt_cached_cost": 0.0,
  "output_tokens": 4069,
  "cost_output": 0.020345000000000002,
  "reasoning_tokens": 18272,
  "cost_reasoning": 0.09136000000000001,
  "total_cost": 0.11218375000000001
}