{
  "prompt_uncached_tokens": 698,
  "prompt_uncached_cost": 0.0008725000000000001,
  "prompt_cached_tokens": 0,
  "prompt_cached_cost": 0.0,
  "output_tokens": 3382,
  "cost_output": 0.025365000000000002,
  "reasoning_tokens": 70131,
  "cost_reasoning": 0.5259825,
  "total_cost": 0.55222
}