{
  "prompt_uncached_tokens": 1355,
  "prompt_uncached_cost": 0.0008468750000000001,
  "prompt_cached_tokens": 0,
  "prompt_cached_cost": 0.0,
  "output_tokens": 4894,
  "cost_output": 0.024470000000000002,
  "reasoning_tokens": 37595,
  "cost_reasoning": 0.187975,
  "total_cost": 0.21329187500000002
}