{
  "prompt_uncached_tokens": 75,
  "prompt_uncached_cost": 9.375e-05,
  "prompt_cached_tokens": 1280,
  "prompt_cached_cost": 0.0008,
  "output_tokens": 4462,
  "cost_output": 0.04462000000000001,
  "reasoning_tokens": 17600,
  "cost_reasoning": 0.17600000000000002,
  "total_cost": 0.22151375
}