{
  "prompt_uncached_tokens": 466,
  "prompt_uncached_cost": 0.00029125,
  "prompt_cached_tokens": 0,
  "prompt_cached_cost": 0.0,
  "output_tokens": 1585,
  "cost_output": 0.007925000000000001,
  "reasoning_tokens": 9717,
  "cost_reasoning": 0.048585,
  "total_cost": 0.056801250000000005
}