{
  "prompt_uncached_tokens": 408,
  "prompt_uncached_cost": 0.000255,
  "prompt_cached_tokens": 0,
  "prompt_cached_cost": 0.0,
  "output_tokens": 1117,
  "cost_output": 0.0055850000000000006,
  "reasoning_tokens": 4547,
  "cost_reasoning": 0.022735000000000002,
  "total_cost": 0.028575000000000003
}