{
  "prompt_uncached_tokens": 766,
  "prompt_uncached_cost": 0.0009575000000000001,
  "prompt_cached_tokens": 0,
  "prompt_cached_cost": 0.0,
  "output_tokens": 6643,
  "cost_output": 0.0498225,
  "reasoning_tokens": 81328,
  "cost_reasoning": 0.6099600000000001,
  "total_cost": 0.6607400000000001
}