{
  "prompt_uncached_tokens": 766,
  "prompt_uncached_cost": 0.00047875000000000006,
  "prompt_cached_tokens": 0,
  "prompt_cached_cost": 0.0,
  "output_tokens": 3032,
  "cost_output": 0.015160000000000002,
  "reasoning_tokens": 29674,
  "cost_reasoning": 0.14837,
  "total_cost": 0.16400875
}