{
  "prompt_uncached_tokens": 641,
  "prompt_uncached_cost": 0.0008012500000000001,
  "prompt_cached_tokens": 0,
  "prompt_cached_cost": 0.0,
  "output_tokens": 3638,
  "cost_output": 0.03638,
  "reasoning_tokens": 19840,
  "cost_reasoning": 0.19840000000000002,
  "total_cost": 0.23558125000000002
}