{
  "prompt_uncached_tokens": 706,
  "prompt_uncached_cost": 0.0008825,
  "prompt_cached_tokens": 0,
  "prompt_cached_cost": 0.0,
  "output_tokens": 3073,
  "cost_output": 0.030730000000000004,
  "reasoning_tokens": 19584,
  "cost_reasoning": 0.19584000000000001,
  "total_cost": 0.2274525
}