{
  "prompt_uncached_tokens": 706,
  "prompt_uncached_cost": 0.00044125,
  "prompt_cached_tokens": 0,
  "prompt_cached_cost": 0.0,
  "output_tokens": 3600,
  "cost_output": 0.018000000000000002,
  "reasoning_tokens": 22716,
  "cost_reasoning": 0.11358000000000001,
  "total_cost": 0.13202125
}