{
  "prompt_uncached_tokens": 708,
  "prompt_uncached_cost": 0.000885,
  "prompt_cached_tokens": 0,
  "prompt_cached_cost": 0.0,
  "output_tokens": 2005,
  "cost_output": 0.020050000000000002,
  "reasoning_tokens": 10944,
  "cost_reasoning": 0.10944000000000001,
  "total_cost": 0.13037500000000002
}