{
  "prompt_uncached_tokens": 708,
  "prompt_uncached_cost": 0.0007788000000000001,
  "prompt_cached_tokens": 0,
  "prompt_cached_cost": 0.0,
  "output_tokens": 2777,
  "cost_output": 0.0122188,
  "reasoning_tokens": 24896,
  "cost_reasoning": 0.10954240000000001,
  "total_cost": 0.12254000000000001
}