{
  "prompt_uncached_tokens": 497,
  "prompt_uncached_cost": 0.0006212500000000001,
  "prompt_cached_tokens": 0,
  "prompt_cached_cost": 0.0,
  "output_tokens": 1630,
  "cost_output": 0.016300000000000002,
  "reasoning_tokens": 6528,
  "cost_reasoning": 0.06528,
  "total_cost": 0.08220125
}