{
  "prompt_uncached_tokens": 497,
  "prompt_uncached_cost": 0.0006212500000000001,
  "prompt_cached_tokens": 0,
  "prompt_cached_cost": 0.0,
  "output_tokens": 4379,
  "cost_output": 0.032842500000000004,
  "reasoning_tokens": 58651,
  "cost_reasoning": 0.4398825,
  "total_cost": 0.47334625
}