{
  "prompt_uncached_tokens": 497,
  "prompt_uncached_cost": 0.00031062500000000003,
  "prompt_cached_tokens": 0,
  "prompt_cached_cost": 0.0,
  "output_tokens": 2227,
  "cost_output": 0.011135,
  "reasoning_tokens": 9259,
  "cost_reasoning": 0.046295,
  "total_cost": 0.057740625000000004
}