{
  "prompt_uncached_tokens": 497,
  "prompt_uncached_cost": 0.00031062500000000003,
  "prompt_cached_tokens": 0,
  "prompt_cached_cost": 0.0,
  "output_tokens": 2088,
  "cost_output": 0.010440000000000001,
  "reasoning_tokens": 7773,
  "cost_reasoning": 0.038865000000000004,
  "total_cost": 0.049615625000000003
}