{
  "prompt_uncached_tokens": 497,
  "prompt_uncached_cost": 0.0006212500000000001,
  "prompt_cached_tokens": 0,
  "prompt_cached_cost": 0.0,
  "output_tokens": 2210,
  "cost_output": 0.0221,
  "reasoning_tokens": 11072,
  "cost_reasoning": 0.11072000000000001,
  "total_cost": 0.13344125
}