{
  "prompt_uncached_tokens": 563,
  "prompt_uncached_cost": 0.00035187500000000003,
  "prompt_cached_tokens": 0,
  "prompt_cached_cost": 0.0,
  "output_tokens": 1794,
  "cost_output": 0.00897,
  "reasoning_tokens": 16099,
  "cost_reasoning": 0.08049500000000001,
  "total_cost": 0.08981687500000002
}