{
  "prompt_uncached_tokens": 686,
  "prompt_uncached_cost": 0.00042875000000000004,
  "prompt_cached_tokens": 0,
  "prompt_cached_cost": 0.0,
  "output_tokens": 2294,
  "cost_output": 0.011470000000000001,
  "reasoning_tokens": 19728,
  "cost_reasoning": 0.09864,
  "total_cost": 0.11053875
}