{
  "prompt_uncached_tokens": 686,
  "prompt_uncached_cost": 0.0008575000000000001,
  "prompt_cached_tokens": 0,
  "prompt_cached_cost": 0.0,
  "output_tokens": 3074,
  "cost_output": 0.030740000000000003,
  "reasoning_tokens": 22016,
  "cost_reasoning": 0.22016000000000002,
  "total_cost": 0.2517575
}