{
  "prompt_uncached_tokens": 686,
  "prompt_uncached_cost": 0.0008575000000000001,
  "prompt_cached_tokens": 0,
  "prompt_cached_cost": 0.0,
  "output_tokens": 4160,
  "cost_output": 0.031200000000000002,
  "reasoning_tokens": 72268,
  "cost_reasoning": 0.54201,
  "total_cost": 0.5740675
}