{
  "prompt_uncached_tokens": 497,
  "prompt_uncached_cost": 0.00031062500000000003,
  "prompt_cached_tokens": 0,
  "prompt_cached_cost": 0.0,
  "output_tokens": 2482,
  "cost_output": 0.012410000000000001,
  "reasoning_tokens": 7250,
  "cost_reasoning": 0.036250000000000004,
  "total_cost": 0.048970625000000004
}