{
  "prompt_uncached_tokens": 497,
  "prompt_uncached_cost": 0.0006212500000000001,
  "prompt_cached_tokens": 0,
  "prompt_cached_cost": 0.0,
  "output_tokens": 2487,
  "cost_output": 0.0186525,
  "reasoning_tokens": 54781,
  "cost_reasoning": 0.4108575,
  "total_cost": 0.43013124999999997
}