{
  "prompt_uncached_tokens": 727,
  "prompt_uncached_cost": 0.000454375,
  "prompt_cached_tokens": 0,
  "prompt_cached_cost": 0.0,
  "output_tokens": 3075,
  "cost_output": 0.015375000000000002,
  "reasoning_tokens": 14580,
  "cost_reasoning": 0.0729,
  "total_cost": 0.08872937500000001
}