{
  "prompt_uncached_tokens": 727,
  "prompt_uncached_cost": 0.0007997000000000001,
  "prompt_cached_tokens": 0,
  "prompt_cached_cost": 0.0,
  "output_tokens": 2472,
  "cost_output": 0.0108768,
  "reasoning_tokens": 18880,
  "cost_reasoning": 0.08307200000000001,
  "total_cost": 0.09474850000000001
}