{
  "prompt_uncached_tokens": 408,
  "prompt_uncached_cost": 0.000255,
  "prompt_cached_tokens": 0,
  "prompt_cached_cost": 0.0,
  "output_tokens": 1298,
  "cost_output": 0.00649,
  "reasoning_tokens": 7589,
  "cost_reasoning": 0.037945000000000007,
  "total_cost": 0.04469000000000001
}