{
  "prompt_uncached_tokens": 408,
  "prompt_uncached_cost": 0.00051,
  "prompt_cached_tokens": 0,
  "prompt_cached_cost": 0.0,
  "output_tokens": 1495,
  "cost_output": 0.014950000000000001,
  "reasoning_tokens": 7616,
  "cost_reasoning": 0.07616,
  "total_cost": 0.09162000000000001
}