{
  "prompt_uncached_tokens": 409,
  "prompt_uncached_cost": 0.00044990000000000004,
  "prompt_cached_tokens": 0,
  "prompt_cached_cost": 0.0,
  "output_tokens": 799,
  "cost_output": 0.0035156000000000002,
  "reasoning_tokens": 6336,
  "cost_reasoning": 0.0278784,
  "total_cost": 0.0318439
}