{
  "prompt_uncached_tokens": 179,
  "prompt_uncached_cost": 0.00022375000000000002,
  "prompt_cached_tokens": 1024,
  "prompt_cached_cost": 0.00012800000000000002,
  "output_tokens": 5585,
  "cost_output": 0.0418875,
  "reasoning_tokens": 76099,
  "cost_reasoning": 0.5707425,
  "total_cost": 0.61298175
}