{
  "prompt_uncached_tokens": 1203,
  "prompt_uncached_cost": 0.000751875,
  "prompt_cached_tokens": 0,
  "prompt_cached_cost": 0.0,
  "output_tokens": 4757,
  "cost_output": 0.023785,
  "reasoning_tokens": 29483,
  "cost_reasoning": 0.14741500000000002,
  "total_cost": 0.17195187500000003
}