{
  "prompt_uncached_tokens": 364,
  "prompt_uncached_cost": 0.00040040000000000003,
  "prompt_cached_tokens": 0,
  "prompt_cached_cost": 0.0,
  "output_tokens": 931,
  "cost_output": 0.0040964,
  "reasoning_tokens": 2048,
  "cost_reasoning": 0.0090112,
  "total_cost": 0.013508000000000001
}