{
  "prompt_uncached_tokens": 708,
  "prompt_uncached_cost": 0.000885,
  "prompt_cached_tokens": 0,
  "prompt_cached_cost": 0.0,
  "output_tokens": 2993,
  "cost_output": 0.029930000000000002,
  "reasoning_tokens": 8896,
  "cost_reasoning": 0.08896000000000001,
  "total_cost": 0.11977500000000002
}