{
  "prompt_uncached_tokens": 708,
  "prompt_uncached_cost": 0.0007788000000000001,
  "prompt_cached_tokens": 0,
  "prompt_cached_cost": 0.0,
  "output_tokens": 2324,
  "cost_output": 0.010225600000000001,
  "reasoning_tokens": 25856,
  "cost_reasoning": 0.1137664,
  "total_cost": 0.1247708
}