{
  "prompt_uncached_tokens": 466,
  "prompt_uncached_cost": 0.0005825,
  "prompt_cached_tokens": 0,
  "prompt_cached_cost": 0.0,
  "output_tokens": 1335,
  "cost_output": 0.01335,
  "reasoning_tokens": 7232,
  "cost_reasoning": 0.07232000000000001,
  "total_cost": 0.08625250000000001
}