{
  "prompt_uncached_tokens": 641,
  "prompt_uncached_cost": 0.00040062500000000005,
  "prompt_cached_tokens": 0,
  "prompt_cached_cost": 0.0,
  "output_tokens": 2740,
  "cost_output": 0.0137,
  "reasoning_tokens": 22261,
  "cost_reasoning": 0.11130500000000002,
  "total_cost": 0.12540562500000002
}