{
  "prompt_uncached_tokens": 364,
  "prompt_uncached_cost": 0.00045500000000000006,
  "prompt_cached_tokens": 0,
  "prompt_cached_cost": 0.0,
  "output_tokens": 2443,
  "cost_output": 0.018322500000000002,
  "reasoning_tokens": 36352,
  "cost_reasoning": 0.27264,
  "total_cost": 0.2914175
}