{
  "prompt_uncached_tokens": 364,
  "prompt_uncached_cost": 0.00022750000000000003,
  "prompt_cached_tokens": 0,
  "prompt_cached_cost": 0.0,
  "output_tokens": 1110,
  "cost_output": 0.00555,
  "reasoning_tokens": 2200,
  "cost_reasoning": 0.011000000000000001,
  "total_cost": 0.0167775
}