{
  "prompt_uncached_tokens": 563,
  "prompt_uncached_cost": 0.0007037500000000001,
  "prompt_cached_tokens": 0,
  "prompt_cached_cost": 0.0,
  "output_tokens": 3549,
  "cost_output": 0.026617500000000002,
  "reasoning_tokens": 53195,
  "cost_reasoning": 0.3989625,
  "total_cost": 0.42628375
}