{
  "prompt_uncached_tokens": 563,
  "prompt_uncached_cost": 0.0007037500000000001,
  "prompt_cached_tokens": 0,
  "prompt_cached_cost": 0.0,
  "output_tokens": 2143,
  "cost_output": 0.02143,
  "reasoning_tokens": 12224,
  "cost_reasoning": 0.12224000000000002,
  "total_cost": 0.14437375000000002
}