{
  "prompt_uncached_tokens": 766,
  "prompt_uncached_cost": 0.0009575000000000001,
  "prompt_cached_tokens": 0,
  "prompt_cached_cost": 0.0,
  "output_tokens": 3811,
  "cost_output": 0.0285825,
  "reasoning_tokens": 62372,
  "cost_reasoning": 0.46779000000000004,
  "total_cost": 0.49733000000000005
}