{
  "prompt_uncached_tokens": 766,
  "prompt_uncached_cost": 0.0009575000000000001,
  "prompt_cached_tokens": 0,
  "prompt_cached_cost": 0.0,
  "output_tokens": 2513,
  "cost_output": 0.025130000000000003,
  "reasoning_tokens": 8960,
  "cost_reasoning": 0.08960000000000001,
  "total_cost": 0.11568750000000001
}