{
  "prompt_uncached_tokens": 879,
  "prompt_uncached_cost": 0.0010987500000000001,
  "prompt_cached_tokens": 0,
  "prompt_cached_cost": 0.0,
  "output_tokens": 3430,
  "cost_output": 0.034300000000000004,
  "reasoning_tokens": 18816,
  "cost_reasoning": 0.18816000000000002,
  "total_cost": 0.22355875000000003
}