{
  "prompt_uncached_tokens": 879,
  "prompt_uncached_cost": 0.0009669,
  "prompt_cached_tokens": 0,
  "prompt_cached_cost": 0.0,
  "output_tokens": 3235,
  "cost_output": 0.014234,
  "reasoning_tokens": 22528,
  "cost_reasoning": 0.09912320000000001,
  "total_cost": 0.11432410000000001
}