{
  "prompt_uncached_tokens": 879,
  "prompt_uncached_cost": 0.0010987500000000001,
  "prompt_cached_tokens": 0,
  "prompt_cached_cost": 0.0,
  "output_tokens": 5269,
  "cost_output": 0.039517500000000004,
  "reasoning_tokens": 64171,
  "cost_reasoning": 0.4812825,
  "total_cost": 0.52189875
}