{
  "prompt_uncached_tokens": 526,
  "prompt_uncached_cost": 0.0005786000000000001,
  "prompt_cached_tokens": 0,
  "prompt_cached_cost": 0.0,
  "output_tokens": 984,
  "cost_output": 0.0043296,
  "reasoning_tokens": 5504,
  "cost_reasoning": 0.024217600000000002,
  "total_cost": 0.029125800000000004
}