{
  "prompt_uncached_tokens": 526,
  "prompt_uncached_cost": 0.0006575000000000001,
  "prompt_cached_tokens": 0,
  "prompt_cached_cost": 0.0,
  "output_tokens": 1929,
  "cost_output": 0.01929,
  "reasoning_tokens": 8704,
  "cost_reasoning": 0.08704,
  "total_cost": 0.10698750000000001
}