{
  "prompt_uncached_tokens": 526,
  "prompt_uncached_cost": 0.00032875000000000005,
  "prompt_cached_tokens": 0,
  "prompt_cached_cost": 0.0,
  "output_tokens": 1382,
  "cost_output": 0.00691,
  "reasoning_tokens": 5540,
  "cost_reasoning": 0.027700000000000002,
  "total_cost": 0.034938750000000005
}