{
  "prompt_uncached_tokens": 424,
  "prompt_uncached_cost": 0.0005300000000000001,
  "prompt_cached_tokens": 0,
  "prompt_cached_cost": 0.0,
  "output_tokens": 2869,
  "cost_output": 0.021517500000000002,
  "reasoning_tokens": 55615,
  "cost_reasoning": 0.4171125,
  "total_cost": 0.43916
}