{
  "prompt_uncached_tokens": 424,
  "prompt_uncached_cost": 0.0005300000000000001,
  "prompt_cached_tokens": 0,
  "prompt_cached_cost": 0.0,
  "output_tokens": 1741,
  "cost_output": 0.017410000000000002,
  "reasoning_tokens": 5248,
  "cost_reasoning": 0.052480000000000006,
  "total_cost": 0.07042000000000001
}