{
  "prompt_uncached_tokens": 408,
  "prompt_uncached_cost": 0.000255,
  "prompt_cached_tokens": 0,
  "prompt_cached_cost": 0.0,
  "output_tokens": 1107,
  "cost_output": 0.005535000000000001,
  "reasoning_tokens": 6742,
  "cost_reasoning": 0.033710000000000004,
  "total_cost": 0.03950000000000001
}