{
  "prompt_uncached_tokens": 708,
  "prompt_uncached_cost": 0.000885,
  "prompt_cached_tokens": 0,
  "prompt_cached_cost": 0.0,
  "output_tokens": 1626,
  "cost_output": 0.01626,
  "reasoning_tokens": 12544,
  "cost_reasoning": 0.12544000000000002,
  "total_cost": 0.14258500000000002
}