{
  "prompt_uncached_tokens": 1203,
  "prompt_uncached_cost": 0.0013233000000000001,
  "prompt_cached_tokens": 0,
  "prompt_cached_cost": 0.0,
  "output_tokens": 3325,
  "cost_output": 0.01463,
  "reasoning_tokens": 18880,
  "cost_reasoning": 0.08307200000000001,
  "total_cost": 0.09902530000000001
}