{
  "prompt_uncached_tokens": 706,
  "prompt_uncached_cost": 0.00044125,
  "prompt_cached_tokens": 0,
  "prompt_cached_cost": 0.0,
  "output_tokens": 2993,
  "cost_output": 0.014965000000000001,
  "reasoning_tokens": 20279,
  "cost_reasoning": 0.10139500000000001,
  "total_cost": 0.11680125000000001
}