{
  "prompt_uncached_tokens": 706,
  "prompt_uncached_cost": 0.0007766,
  "prompt_cached_tokens": 0,
  "prompt_cached_cost": 0.0,
  "output_tokens": 3172,
  "cost_output": 0.0139568,
  "reasoning_tokens": 25152,
  "cost_reasoning": 0.11066880000000001,
  "total_cost": 0.12540220000000002
}