{
  "prompt_uncached_tokens": 424,
  "prompt_uncached_cost": 0.0005300000000000001,
  "prompt_cached_tokens": 0,
  "prompt_cached_cost": 0.0,
  "output_tokens": 1768,
  "cost_output": 0.01768,
  "reasoning_tokens": 10304,
  "cost_reasoning": 0.10304,
  "total_cost": 0.12125000000000001
}