{
  "prompt_uncached_tokens": 424,
  "prompt_uncached_cost": 0.00026500000000000004,
  "prompt_cached_tokens": 0,
  "prompt_cached_cost": 0.0,
  "output_tokens": 1571,
  "cost_output": 0.007855000000000001,
  "reasoning_tokens": 9075,
  "cost_reasoning": 0.045375000000000006,
  "total_cost": 0.05349500000000001
}