{
  "prompt_uncached_tokens": 587,
  "prompt_uncached_cost": 0.00073375,
  "prompt_cached_tokens": 0,
  "prompt_cached_cost": 0.0,
  "output_tokens": 2549,
  "cost_output": 0.025490000000000002,
  "reasoning_tokens": 15424,
  "cost_reasoning": 0.15424000000000002,
  "total_cost": 0.18046375000000003
}