{
  "prompt_uncached_tokens": 424,
  "prompt_uncached_cost": 0.0005300000000000001,
  "prompt_cached_tokens": 0,
  "prompt_cached_cost": 0.0,
  "output_tokens": 1656,
  "cost_output": 0.016560000000000002,
  "reasoning_tokens": 8000,
  "cost_reasoning": 0.08,
  "total_cost": 0.09709000000000001
}