{
  "prompt_uncached_tokens": 424,
  "prompt_uncached_cost": 0.0005300000000000001,
  "prompt_cached_tokens": 0,
  "prompt_cached_cost": 0.0,
  "output_tokens": 2770,
  "cost_output": 0.020775000000000002,
  "reasoning_tokens": 37163,
  "cost_reasoning": 0.2787225,
  "total_cost": 0.3000275
}