{
  "prompt_uncached_tokens": 425,
  "prompt_uncached_cost": 0.00046750000000000003,
  "prompt_cached_tokens": 0,
  "prompt_cached_cost": 0.0,
  "output_tokens": 1273,
  "cost_output": 0.005601200000000001,
  "reasoning_tokens": 5440,
  "cost_reasoning": 0.023936000000000002,
  "total_cost": 0.030004700000000002
}