{
  "prompt_uncached_tokens": 581,
  "prompt_uncached_cost": 0.000363125,
  "prompt_cached_tokens": 0,
  "prompt_cached_cost": 0.0,
  "output_tokens": 2567,
  "cost_output": 0.012835000000000001,
  "reasoning_tokens": 12424,
  "cost_reasoning": 0.06212000000000001,
  "total_cost": 0.07531812500000001
}