{
  "prompt_uncached_tokens": 581,
  "prompt_uncached_cost": 0.0006391000000000001,
  "prompt_cached_tokens": 0,
  "prompt_cached_cost": 0.0,
  "output_tokens": 3292,
  "cost_output": 0.0144848,
  "reasoning_tokens": 16448,
  "cost_reasoning": 0.07237120000000001,
  "total_cost": 0.0874951
}