{
  "prompt_uncached_tokens": 581,
  "prompt_uncached_cost": 0.00072625,
  "prompt_cached_tokens": 0,
  "prompt_cached_cost": 0.0,
  "output_tokens": 2602,
  "cost_output": 0.02602,
  "reasoning_tokens": 25408,
  "cost_reasoning": 0.25408000000000003,
  "total_cost": 0.28082625000000005
}