{
  "prompt_uncached_tokens": 581,
  "prompt_uncached_cost": 0.00072625,
  "prompt_cached_tokens": 0,
  "prompt_cached_cost": 0.0,
  "output_tokens": 2680,
  "cost_output": 0.0268,
  "reasoning_tokens": 20736,
  "cost_reasoning": 0.20736000000000002,
  "total_cost": 0.23488625000000002
}