{
  "prompt_uncached_tokens": 581,
  "prompt_uncached_cost": 0.000363125,
  "prompt_cached_tokens": 0,
  "prompt_cached_cost": 0.0,
  "output_tokens": 2582,
  "cost_output": 0.012910000000000001,
  "reasoning_tokens": 12482,
  "cost_reasoning": 0.06241000000000001,
  "total_cost": 0.075683125
}