{
  "prompt_uncached_tokens": 1355,
  "prompt_uncached_cost": 0.0008468750000000001,
  "prompt_cached_tokens": 0,
  "prompt_cached_cost": 0.0,
  "output_tokens": 4367,
  "cost_output": 0.021835,
  "reasoning_tokens": 35890,
  "cost_reasoning": 0.17945000000000003,
  "total_cost": 0.20213187500000002
}