{
  "prompt_uncached_tokens": 879,
  "prompt_uncached_cost": 0.0010987500000000001,
  "prompt_cached_tokens": 0,
  "prompt_cached_cost": 0.0,
  "output_tokens": 3927,
  "cost_output": 0.039270000000000006,
  "reasoning_tokens": 16768,
  "cost_reasoning": 0.16768000000000002,
  "total_cost": 0.20804875000000003
}