{
  "prompt_uncached_tokens": 879,
  "prompt_uncached_cost": 0.0005493750000000001,
  "prompt_cached_tokens": 0,
  "prompt_cached_cost": 0.0,
  "output_tokens": 4249,
  "cost_output": 0.021245000000000003,
  "reasoning_tokens": 36136,
  "cost_reasoning": 0.18068,
  "total_cost": 0.202474375
}