{
  "prompt_uncached_tokens": 879,
  "prompt_uncached_cost": 0.0010987500000000001,
  "prompt_cached_tokens": 0,
  "prompt_cached_cost": 0.0,
  "output_tokens": 4549,
  "cost_output": 0.0341175,
  "reasoning_tokens": 67581,
  "cost_reasoning": 0.5068575,
  "total_cost": 0.5420737499999999
}