{
  "prompt_uncached_tokens": 424,
  "prompt_uncached_cost": 0.0005300000000000001,
  "prompt_cached_tokens": 0,
  "prompt_cached_cost": 0.0,
  "output_tokens": 1430,
  "cost_output": 0.014300000000000002,
  "reasoning_tokens": 9408,
  "cost_reasoning": 0.09408000000000001,
  "total_cost": 0.10891
}