{
  "prompt_uncached_tokens": 424,
  "prompt_uncached_cost": 0.00026500000000000004,
  "prompt_cached_tokens": 0,
  "prompt_cached_cost": 0.0,
  "output_tokens": 1594,
  "cost_output": 0.007970000000000001,
  "reasoning_tokens": 5791,
  "cost_reasoning": 0.028955,
  "total_cost": 0.03719
}