{
  "prompt_uncached_tokens": 424,
  "prompt_uncached_cost": 0.0005300000000000001,
  "prompt_cached_tokens": 0,
  "prompt_cached_cost": 0.0,
  "output_tokens": 2305,
  "cost_output": 0.0172875,
  "reasoning_tokens": 38399,
  "cost_reasoning": 0.2879925,
  "total_cost": 0.30580999999999997
}