{
  "prompt_uncached_tokens": 727,
  "prompt_uncached_cost": 0.000454375,
  "prompt_cached_tokens": 0,
  "prompt_cached_cost": 0.0,
  "output_tokens": 4120,
  "cost_output": 0.0206,
  "reasoning_tokens": 18966,
  "cost_reasoning": 0.09483000000000001,
  "total_cost": 0.11588437500000001
}