{
  "prompt_uncached_tokens": 727,
  "prompt_uncached_cost": 0.00090875,
  "prompt_cached_tokens": 0,
  "prompt_cached_cost": 0.0,
  "output_tokens": 2453,
  "cost_output": 0.024530000000000003,
  "reasoning_tokens": 14272,
  "cost_reasoning": 0.14272,
  "total_cost": 0.16815875000000002
}