{
  "prompt_uncached_tokens": 1355,
  "prompt_uncached_cost": 0.0014905,
  "prompt_cached_tokens": 0,
  "prompt_cached_cost": 0.0,
  "output_tokens": 3104,
  "cost_output": 0.0136576,
  "reasoning_tokens": 21632,
  "cost_reasoning": 0.09518080000000001,
  "total_cost": 0.11032890000000001
}