{
  "prompt_uncached_tokens": 686,
  "prompt_uncached_cost": 0.0008575000000000001,
  "prompt_cached_tokens": 0,
  "prompt_cached_cost": 0.0,
  "output_tokens": 3553,
  "cost_output": 0.035530000000000006,
  "reasoning_tokens": 13184,
  "cost_reasoning": 0.13184,
  "total_cost": 0.16822750000000003
}