{
  "prompt_uncached_tokens": 342,
  "prompt_uncached_cost": 0.00042750000000000004,
  "prompt_cached_tokens": 0,
  "prompt_cached_cost": 0.0,
  "output_tokens": 1830,
  "cost_output": 0.0183,
  "reasoning_tokens": 8704,
  "cost_reasoning": 0.08704,
  "total_cost": 0.10576750000000001
}