{
  "prompt_uncached_tokens": 342,
  "prompt_uncached_cost": 0.00042750000000000004,
  "prompt_cached_tokens": 0,
  "prompt_cached_cost": 0.0,
  "output_tokens": 2743,
  "cost_output": 0.0205725,
  "reasoning_tokens": 52223,
  "cost_reasoning": 0.39167250000000003,
  "total_cost": 0.41267250000000005
}