{
  "prompt_uncached_tokens": 342,
  "prompt_uncached_cost": 0.00037620000000000004,
  "prompt_cached_tokens": 0,
  "prompt_cached_cost": 0.0,
  "output_tokens": 686,
  "cost_output": 0.0030184,
  "reasoning_tokens": 4096,
  "cost_reasoning": 0.0180224,
  "total_cost": 0.021417000000000002
}