{
  "prompt_uncached_tokens": 766,
  "prompt_uncached_cost": 0.0009575000000000001,
  "prompt_cached_tokens": 0,
  "prompt_cached_cost": 0.0,
  "output_tokens": 2470,
  "cost_output": 0.024700000000000003,
  "reasoning_tokens": 14528,
  "cost_reasoning": 0.14528000000000002,
  "total_cost": 0.17093750000000002
}