{
  "prompt_uncached_tokens": 351,
  "prompt_uncached_cost": 0.0003861,
  "prompt_cached_tokens": 0,
  "prompt_cached_cost": 0.0,
  "output_tokens": 751,
  "cost_output": 0.0033044000000000003,
  "reasoning_tokens": 2688,
  "cost_reasoning": 0.011827200000000001,
  "total_cost": 0.015517700000000002
}