{
  "prompt_uncached_tokens": 351,
  "prompt_uncached_cost": 0.000219375,
  "prompt_cached_tokens": 0,
  "prompt_cached_cost": 0.0,
  "output_tokens": 919,
  "cost_output": 0.004595,
  "reasoning_tokens": 4870,
  "cost_reasoning": 0.024350000000000004,
  "total_cost": 0.029164375000000003
}