{
  "prompt_uncached_tokens": 698,
  "prompt_uncached_cost": 0.0008725000000000001,
  "prompt_cached_tokens": 0,
  "prompt_cached_cost": 0.0,
  "output_tokens": 2660,
  "cost_output": 0.026600000000000002,
  "reasoning_tokens": 14720,
  "cost_reasoning": 0.14720000000000003,
  "total_cost": 0.17467250000000004
}