{
  "prompt_uncached_tokens": 698,
  "prompt_uncached_cost": 0.0008725000000000001,
  "prompt_cached_tokens": 0,
  "prompt_cached_cost": 0.0,
  "output_tokens": 3103,
  "cost_output": 0.0232725,
  "reasoning_tokens": 63487,
  "cost_reasoning": 0.47615250000000003,
  "total_cost": 0.5002975000000001
}