{
  "prompt_uncached_tokens": 698,
  "prompt_uncached_cost": 0.00043625000000000006,
  "prompt_cached_tokens": 0,
  "prompt_cached_cost": 0.0,
  "output_tokens": 3705,
  "cost_output": 0.018525,
  "reasoning_tokens": 14781,
  "cost_reasoning": 0.07390500000000001,
  "total_cost": 0.09286625000000001
}