{
  "prompt_uncached_tokens": 342,
  "prompt_uncached_cost": 0.00021375000000000002,
  "prompt_cached_tokens": 0,
  "prompt_cached_cost": 0.0,
  "output_tokens": 1137,
  "cost_output": 0.005685000000000001,
  "reasoning_tokens": 4808,
  "cost_reasoning": 0.024040000000000002,
  "total_cost": 0.029938750000000004
}