{
  "prompt_uncached_tokens": 342,
  "prompt_uncached_cost": 0.00042750000000000004,
  "prompt_cached_tokens": 0,
  "prompt_cached_cost": 0.0,
  "output_tokens": 2974,
  "cost_output": 0.022305000000000002,
  "reasoning_tokens": 53247,
  "cost_reasoning": 0.3993525,
  "total_cost": 0.422085
}