{
  "prompt_uncached_tokens": 879,
  "prompt_uncached_cost": 0.0010987500000000001,
  "prompt_cached_tokens": 0,
  "prompt_cached_cost": 0.0,
  "output_tokens": 3972,
  "cost_output": 0.039720000000000005,
  "reasoning_tokens": 17216,
  "cost_reasoning": 0.17216,
  "total_cost": 0.21297875000000002
}