{
  "prompt_uncached_tokens": 879,
  "prompt_uncached_cost": 0.0005493750000000001,
  "prompt_cached_tokens": 0,
  "prompt_cached_cost": 0.0,
  "output_tokens": 4095,
  "cost_output": 0.020475,
  "reasoning_tokens": 29805,
  "cost_reasoning": 0.14902500000000002,
  "total_cost": 0.17004937500000003
}