{
  "prompt_uncached_tokens": 526,
  "prompt_uncached_cost": 0.0006575000000000001,
  "prompt_cached_tokens": 0,
  "prompt_cached_cost": 0.0,
  "output_tokens": 2270,
  "cost_output": 0.017025000000000002,
  "reasoning_tokens": 35681,
  "cost_reasoning": 0.2676075,
  "total_cost": 0.28529
}