{
  "prompt_uncached_tokens": 526,
  "prompt_uncached_cost": 0.0005786000000000001,
  "prompt_cached_tokens": 0,
  "prompt_cached_cost": 0.0,
  "output_tokens": 1160,
  "cost_output": 0.005104,
  "reasoning_tokens": 7296,
  "cost_reasoning": 0.0321024,
  "total_cost": 0.037785000000000006
}