{
  "prompt_uncached_tokens": 526,
  "prompt_uncached_cost": 0.0006575000000000001,
  "prompt_cached_tokens": 0,
  "prompt_cached_cost": 0.0,
  "output_tokens": 1292,
  "cost_output": 0.012920000000000001,
  "reasoning_tokens": 6336,
  "cost_reasoning": 0.06336,
  "total_cost": 0.0769375
}