{
  "prompt_uncached_tokens": 526,
  "prompt_uncached_cost": 0.00032875000000000005,
  "prompt_cached_tokens": 0,
  "prompt_cached_cost": 0.0,
  "output_tokens": 1918,
  "cost_output": 0.009590000000000001,
  "reasoning_tokens": 11538,
  "cost_reasoning": 0.057690000000000005,
  "total_cost": 0.06760875000000001
}