{
  "prompt_uncached_tokens": 526,
  "prompt_uncached_cost": 0.0006575000000000001,
  "prompt_cached_tokens": 0,
  "prompt_cached_cost": 0.0,
  "output_tokens": 1452,
  "cost_output": 0.014520000000000002,
  "reasoning_tokens": 7424,
  "cost_reasoning": 0.07424,
  "total_cost": 0.0894175
}