{
  "prompt_uncached_tokens": 698,
  "prompt_uncached_cost": 0.0008725000000000001,
  "prompt_cached_tokens": 0,
  "prompt_cached_cost": 0.0,
  "output_tokens": 2639,
  "cost_output": 0.026390000000000004,
  "reasoning_tokens": 10880,
  "cost_reasoning": 0.10880000000000001,
  "total_cost": 0.1360625
}