{
  "prompt_uncached_tokens": 698,
  "prompt_uncached_cost": 0.00043625000000000006,
  "prompt_cached_tokens": 0,
  "prompt_cached_cost": 0.0,
  "output_tokens": 2435,
  "cost_output": 0.012175000000000002,
  "reasoning_tokens": 13724,
  "cost_reasoning": 0.06862,
  "total_cost": 0.08123125
}