{
  "prompt_uncached_tokens": 526,
  "prompt_uncached_cost": 0.0006575000000000001,
  "prompt_cached_tokens": 0,
  "prompt_cached_cost": 0.0,
  "output_tokens": 2543,
  "cost_output": 0.0190725,
  "reasoning_tokens": 48769,
  "cost_reasoning": 0.3657675,
  "total_cost": 0.38549750000000005
}