{
  "prompt_uncached_tokens": 686,
  "prompt_uncached_cost": 0.0008575000000000001,
  "prompt_cached_tokens": 0,
  "prompt_cached_cost": 0.0,
  "output_tokens": 4330,
  "cost_output": 0.032475000000000004,
  "reasoning_tokens": 61848,
  "cost_reasoning": 0.46386,
  "total_cost": 0.4971925
}