{
  "prompt_uncached_tokens": 686,
  "prompt_uncached_cost": 0.0007546,
  "prompt_cached_tokens": 0,
  "prompt_cached_cost": 0.0,
  "output_tokens": 1810,
  "cost_output": 0.007964,
  "reasoning_tokens": 10624,
  "cost_reasoning": 0.046745600000000005,
  "total_cost": 0.055464200000000005
}