{
  "prompt_uncached_tokens": 686,
  "prompt_uncached_cost": 0.00042875000000000004,
  "prompt_cached_tokens": 0,
  "prompt_cached_cost": 0.0,
  "output_tokens": 2935,
  "cost_output": 0.014675,
  "reasoning_tokens": 16673,
  "cost_reasoning": 0.08336500000000001,
  "total_cost": 0.09846875000000001
}