{
  "prompt_uncached_tokens": 563,
  "prompt_uncached_cost": 0.00035187500000000003,
  "prompt_cached_tokens": 0,
  "prompt_cached_cost": 0.0,
  "output_tokens": 2506,
  "cost_output": 0.012530000000000001,
  "reasoning_tokens": 20695,
  "cost_reasoning": 0.10347500000000001,
  "total_cost": 0.11635687500000001
}