{
  "prompt_uncached_tokens": 563,
  "prompt_uncached_cost": 0.0007037500000000001,
  "prompt_cached_tokens": 0,
  "prompt_cached_cost": 0.0,
  "output_tokens": 1662,
  "cost_output": 0.016620000000000003,
  "reasoning_tokens": 16960,
  "cost_reasoning": 0.1696,
  "total_cost": 0.18692375
}