{
  "prompt_uncached_tokens": 351,
  "prompt_uncached_cost": 0.0003861,
  "prompt_cached_tokens": 0,
  "prompt_cached_cost": 0.0,
  "output_tokens": 804,
  "cost_output": 0.0035376,
  "reasoning_tokens": 2624,
  "cost_reasoning": 0.011545600000000001,
  "total_cost": 0.015469300000000002
}