{
  "prompt_uncached_tokens": 698,
  "prompt_uncached_cost": 0.00043625000000000006,
  "prompt_cached_tokens": 0,
  "prompt_cached_cost": 0.0,
  "output_tokens": 2118,
  "cost_output": 0.01059,
  "reasoning_tokens": 14284,
  "cost_reasoning": 0.07142000000000001,
  "total_cost": 0.08244625000000001
}