{
  "prompt_uncached_tokens": 698,
  "prompt_uncached_cost": 0.0008725000000000001,
  "prompt_cached_tokens": 0,
  "prompt_cached_cost": 0.0,
  "output_tokens": 3212,
  "cost_output": 0.02409,
  "reasoning_tokens": 56897,
  "cost_reasoning": 0.42672750000000004,
  "total_cost": 0.45169000000000004
}