{
  "prompt_uncached_tokens": 581,
  "prompt_uncached_cost": 0.00072625,
  "prompt_cached_tokens": 0,
  "prompt_cached_cost": 0.0,
  "output_tokens": 3238,
  "cost_output": 0.032380000000000006,
  "reasoning_tokens": 15680,
  "cost_reasoning": 0.15680000000000002,
  "total_cost": 0.18990625000000003
}