experiment_id;time;std;compiled;verified;runtime_err;extra
baseline/gol;977.868;0.1868325453447581;True;True;;
naive-bitwise/gol;189.72859999999997;0.033544597180470634;True;True;;
popc-bitwise-macro/gol;95.98137;0.009541493593771735;True;True;;
popc-bitwise/gol;136.6415;3.3399099164498423;True;True;;
sota-adder/gol;19.42079;0.012128103726469669;True;True;;
tiled-bitwise-macro/gol;57.44794999999999;0.0036924923832008525;True;True;;
dumb-bit-per-thr/gol;820.8024000000001;0.011542963224405142;True;True;;
smarter-bit-per-thr/gol;837.9083999999999;0.011226753760538052;True;True;;
