experiment_id;time;std;compiled;verified;runtime_err;extra
baseline/gol;592.5923;0.040281633531933744;True;True;;
naive-bitwise/gol;109.79169999999999;0.016553247415538215;True;True;;
popc-bitwise-macro/gol;59.09403;0.007214021070110349;True;True;;
popc-bitwise/gol;79.8096;0.010523687566627988;True;True;;
sota-adder/gol;9.448457999999999;0.011755804353594922;True;True;;
tiled-bitwise-macro/gol;35.08668;0.007854781982970785;True;True;;
dumb-bit-per-thr/gol;513.9083999999999;0.01475940378200431;True;True;;
smarter-bit-per-thr/gol;521.9163000000001;0.014353048456695534;True;True;;
