{
  "prompt_uncached_tokens": 708,
  "prompt_uncached_cost": 0.0007788000000000001,
  "prompt_cached_tokens": 0,
  "prompt_cached_cost": 0.0,
  "output_tokens": 3109,
  "cost_output": 0.0136796,
  "reasoning_tokens": 21248,
  "cost_reasoning": 0.09349120000000001,
  "total_cost": 0.1079496
}