{
  "prompt_uncached_tokens": 708,
  "prompt_uncached_cost": 0.0004425,
  "prompt_cached_tokens": 0,
  "prompt_cached_cost": 0.0,
  "output_tokens": 2734,
  "cost_output": 0.013670000000000002,
  "reasoning_tokens": 10879,
  "cost_reasoning": 0.054395000000000006,
  "total_cost": 0.06850750000000001
}