{
  "prompt_uncached_tokens": 766,
  "prompt_uncached_cost": 0.0009575000000000001,
  "prompt_cached_tokens": 0,
  "prompt_cached_cost": 0.0,
  "output_tokens": 3618,
  "cost_output": 0.027135,
  "reasoning_tokens": 60878,
  "cost_reasoning": 0.456585,
  "total_cost": 0.48467750000000004
}