{
  "prompt_uncached_tokens": 766,
  "prompt_uncached_cost": 0.0009575000000000001,
  "prompt_cached_tokens": 0,
  "prompt_cached_cost": 0.0,
  "output_tokens": 4266,
  "cost_output": 0.042660000000000003,
  "reasoning_tokens": 20032,
  "cost_reasoning": 0.20032000000000003,
  "total_cost": 0.24393750000000003
}