{
  "prompt_uncached_tokens": 467,
  "prompt_uncached_cost": 0.0005137000000000001,
  "prompt_cached_tokens": 0,
  "prompt_cached_cost": 0.0,
  "output_tokens": 1219,
  "cost_output": 0.0053636000000000005,
  "reasoning_tokens": 7552,
  "cost_reasoning": 0.0332288,
  "total_cost": 0.039106100000000005
}