{
  "prompt_uncached_tokens": 351,
  "prompt_uncached_cost": 0.000219375,
  "prompt_cached_tokens": 0,
  "prompt_cached_cost": 0.0,
  "output_tokens": 1109,
  "cost_output": 0.0055450000000000004,
  "reasoning_tokens": 3465,
  "cost_reasoning": 0.017325,
  "total_cost": 0.023089375000000002
}