{
  "prompt_uncached_tokens": 409,
  "prompt_uncached_cost": 0.00044990000000000004,
  "prompt_cached_tokens": 0,
  "prompt_cached_cost": 0.0,
  "output_tokens": 807,
  "cost_output": 0.0035508000000000002,
  "reasoning_tokens": 2880,
  "cost_reasoning": 0.012672000000000001,
  "total_cost": 0.016672700000000002
}