{
  "prompt_uncached_tokens": 408,
  "prompt_uncached_cost": 0.000255,
  "prompt_cached_tokens": 0,
  "prompt_cached_cost": 0.0,
  "output_tokens": 1278,
  "cost_output": 0.006390000000000001,
  "reasoning_tokens": 4520,
  "cost_reasoning": 0.022600000000000002,
  "total_cost": 0.029245000000000004
}