{
  "prompt_uncached_tokens": 641,
  "prompt_uncached_cost": 0.0007051000000000001,
  "prompt_cached_tokens": 0,
  "prompt_cached_cost": 0.0,
  "output_tokens": 2305,
  "cost_output": 0.010142,
  "reasoning_tokens": 20736,
  "cost_reasoning": 0.09123840000000001,
  "total_cost": 0.10208550000000001
}