{
  "prompt_uncached_tokens": 641,
  "prompt_uncached_cost": 0.00040062500000000005,
  "prompt_cached_tokens": 0,
  "prompt_cached_cost": 0.0,
  "output_tokens": 2197,
  "cost_output": 0.010985000000000002,
  "reasoning_tokens": 18566,
  "cost_reasoning": 0.09283000000000001,
  "total_cost": 0.104215625
}