{
  "prompt_uncached_tokens": 641,
  "prompt_uncached_cost": 0.0008012500000000001,
  "prompt_cached_tokens": 0,
  "prompt_cached_cost": 0.0,
  "output_tokens": 2717,
  "cost_output": 0.027170000000000003,
  "reasoning_tokens": 10624,
  "cost_reasoning": 0.10624000000000001,
  "total_cost": 0.13421125
}