{
  "prompt_uncached_tokens": 587,
  "prompt_uncached_cost": 0.000366875,
  "prompt_cached_tokens": 0,
  "prompt_cached_cost": 0.0,
  "output_tokens": 2725,
  "cost_output": 0.013625000000000002,
  "reasoning_tokens": 22813,
  "cost_reasoning": 0.11406500000000001,
  "total_cost": 0.12805687500000001
}