{
  "prompt_uncached_tokens": 587,
  "prompt_uncached_cost": 0.0006457,
  "prompt_cached_tokens": 0,
  "prompt_cached_cost": 0.0,
  "output_tokens": 1917,
  "cost_output": 0.008434800000000001,
  "reasoning_tokens": 10240,
  "cost_reasoning": 0.045056,
  "total_cost": 0.054136500000000004
}