{
  "prompt_uncached_tokens": 424,
  "prompt_uncached_cost": 0.00026500000000000004,
  "prompt_cached_tokens": 0,
  "prompt_cached_cost": 0.0,
  "output_tokens": 1572,
  "cost_output": 0.00786,
  "reasoning_tokens": 4607,
  "cost_reasoning": 0.023035000000000003,
  "total_cost": 0.031160000000000004
}