{
  "prompt_uncached_tokens": 424,
  "prompt_uncached_cost": 0.0005300000000000001,
  "prompt_cached_tokens": 0,
  "prompt_cached_cost": 0.0,
  "output_tokens": 3354,
  "cost_output": 0.025155,
  "reasoning_tokens": 59622,
  "cost_reasoning": 0.44716500000000003,
  "total_cost": 0.47285000000000005
}