{
  "prompt_uncached_tokens": 1355,
  "prompt_uncached_cost": 0.0016937500000000002,
  "prompt_cached_tokens": 0,
  "prompt_cached_cost": 0.0,
  "output_tokens": 5218,
  "cost_output": 0.039135,
  "reasoning_tokens": 64444,
  "cost_reasoning": 0.48333000000000004,
  "total_cost": 0.52415875
}