{
  "prompt_uncached_tokens": 1355,
  "prompt_uncached_cost": 0.0014905,
  "prompt_cached_tokens": 0,
  "prompt_cached_cost": 0.0,
  "output_tokens": 3956,
  "cost_output": 0.017406400000000002,
  "reasoning_tokens": 26688,
  "cost_reasoning": 0.11742720000000001,
  "total_cost": 0.1363241
}