{
  "prompt_uncached_tokens": 1355,
  "prompt_uncached_cost": 0.0008468750000000001,
  "prompt_cached_tokens": 0,
  "prompt_cached_cost": 0.0,
  "output_tokens": 3861,
  "cost_output": 0.019305000000000003,
  "reasoning_tokens": 34076,
  "cost_reasoning": 0.17038,
  "total_cost": 0.19053187500000002
}