{
  "prompt_uncached_tokens": 581,
  "prompt_uncached_cost": 0.00072625,
  "prompt_cached_tokens": 0,
  "prompt_cached_cost": 0.0,
  "output_tokens": 2685,
  "cost_output": 0.026850000000000002,
  "reasoning_tokens": 24256,
  "cost_reasoning": 0.24256000000000003,
  "total_cost": 0.27013625
}