{
  "prompt_uncached_tokens": 698,
  "prompt_uncached_cost": 0.0008725000000000001,
  "prompt_cached_tokens": 0,
  "prompt_cached_cost": 0.0,
  "output_tokens": 3346,
  "cost_output": 0.025095,
  "reasoning_tokens": 48906,
  "cost_reasoning": 0.366795,
  "total_cost": 0.39276249999999996
}