{
  "prompt_uncached_tokens": 727,
  "prompt_uncached_cost": 0.0007997000000000001,
  "prompt_cached_tokens": 0,
  "prompt_cached_cost": 0.0,
  "output_tokens": 2138,
  "cost_output": 0.009407200000000001,
  "reasoning_tokens": 11904,
  "cost_reasoning": 0.0523776,
  "total_cost": 0.0625845
}