{
  "prompt_uncached_tokens": 342,
  "prompt_uncached_cost": 0.00042750000000000004,
  "prompt_cached_tokens": 0,
  "prompt_cached_cost": 0.0,
  "output_tokens": 1276,
  "cost_output": 0.01276,
  "reasoning_tokens": 6272,
  "cost_reasoning": 0.06272000000000001,
  "total_cost": 0.07590750000000002
}