{
  "prompt_uncached_tokens": 342,
  "prompt_uncached_cost": 0.00021375000000000002,
  "prompt_cached_tokens": 0,
  "prompt_cached_cost": 0.0,
  "output_tokens": 1133,
  "cost_output": 0.005665000000000001,
  "reasoning_tokens": 4286,
  "cost_reasoning": 0.02143,
  "total_cost": 0.027308750000000003
}