{
  "prompt_uncached_tokens": 766,
  "prompt_uncached_cost": 0.0009575000000000001,
  "prompt_cached_tokens": 0,
  "prompt_cached_cost": 0.0,
  "output_tokens": 3752,
  "cost_output": 0.028140000000000002,
  "reasoning_tokens": 72961,
  "cost_reasoning": 0.5472075000000001,
  "total_cost": 0.5763050000000001
}