{
  "prompt_uncached_tokens": 706,
  "prompt_uncached_cost": 0.00044125,
  "prompt_cached_tokens": 0,
  "prompt_cached_cost": 0.0,
  "output_tokens": 3083,
  "cost_output": 0.015415000000000002,
  "reasoning_tokens": 19387,
  "cost_reasoning": 0.09693500000000001,
  "total_cost": 0.11279125000000001
}