{
  "prompt_uncached_tokens": 466,
  "prompt_uncached_cost": 0.00029125,
  "prompt_cached_tokens": 0,
  "prompt_cached_cost": 0.0,
  "output_tokens": 1477,
  "cost_output": 0.007385000000000001,
  "reasoning_tokens": 12315,
  "cost_reasoning": 0.061575000000000005,
  "total_cost": 0.06925125
}