{
  "prompt_uncached_tokens": 1355,
  "prompt_uncached_cost": 0.0008468750000000001,
  "prompt_cached_tokens": 0,
  "prompt_cached_cost": 0.0,
  "output_tokens": 3604,
  "cost_output": 0.01802,
  "reasoning_tokens": 35998,
  "cost_reasoning": 0.17999,
  "total_cost": 0.19885687500000002
}