{
  "prompt_uncached_tokens": 1355,
  "prompt_uncached_cost": 0.0016937500000000002,
  "prompt_cached_tokens": 0,
  "prompt_cached_cost": 0.0,
  "output_tokens": 5782,
  "cost_output": 0.043365,
  "reasoning_tokens": 75259,
  "cost_reasoning": 0.5644425000000001,
  "total_cost": 0.6095012500000001
}