{
  "prompt_uncached_tokens": 879,
  "prompt_uncached_cost": 0.0005493750000000001,
  "prompt_cached_tokens": 0,
  "prompt_cached_cost": 0.0,
  "output_tokens": 4035,
  "cost_output": 0.020175000000000002,
  "reasoning_tokens": 28792,
  "cost_reasoning": 0.14396,
  "total_cost": 0.164684375
}