{
  "prompt_uncached_tokens": 1355,
  "prompt_uncached_cost": 0.0008468750000000001,
  "prompt_cached_tokens": 0,
  "prompt_cached_cost": 0.0,
  "output_tokens": 3810,
  "cost_output": 0.01905,
  "reasoning_tokens": 39440,
  "cost_reasoning": 0.19720000000000001,
  "total_cost": 0.21709687500000002
}