{
  "prompt_uncached_tokens": 342,
  "prompt_uncached_cost": 0.00021375000000000002,
  "prompt_cached_tokens": 0,
  "prompt_cached_cost": 0.0,
  "output_tokens": 972,
  "cost_output": 0.004860000000000001,
  "reasoning_tokens": 4972,
  "cost_reasoning": 0.024860000000000004,
  "total_cost": 0.029933750000000005
}