{
  "prompt_uncached_tokens": 342,
  "prompt_uncached_cost": 0.00042750000000000004,
  "prompt_cached_tokens": 0,
  "prompt_cached_cost": 0.0,
  "output_tokens": 1857,
  "cost_output": 0.018570000000000003,
  "reasoning_tokens": 8576,
  "cost_reasoning": 0.08576,
  "total_cost": 0.1047575
}