{
  "prompt_uncached_tokens": 708,
  "prompt_uncached_cost": 0.0007788000000000001,
  "prompt_cached_tokens": 0,
  "prompt_cached_cost": 0.0,
  "output_tokens": 2047,
  "cost_output": 0.0090068,
  "reasoning_tokens": 24448,
  "cost_reasoning": 0.1075712,
  "total_cost": 0.11735680000000001
}