{
  "prompt_uncached_tokens": 424,
  "prompt_uncached_cost": 0.0005300000000000001,
  "prompt_cached_tokens": 0,
  "prompt_cached_cost": 0.0,
  "output_tokens": 1424,
  "cost_output": 0.014240000000000001,
  "reasoning_tokens": 7552,
  "cost_reasoning": 0.07552,
  "total_cost": 0.09029000000000001
}