{
  "prompt_uncached_tokens": 581,
  "prompt_uncached_cost": 0.00072625,
  "prompt_cached_tokens": 0,
  "prompt_cached_cost": 0.0,
  "output_tokens": 3122,
  "cost_output": 0.023415000000000002,
  "reasoning_tokens": 64992,
  "cost_reasoning": 0.48744000000000004,
  "total_cost": 0.5115812500000001
}