{
  "prompt_uncached_tokens": 497,
  "prompt_uncached_cost": 0.00031062500000000003,
  "prompt_cached_tokens": 0,
  "prompt_cached_cost": 0.0,
  "output_tokens": 1758,
  "cost_output": 0.008790000000000001,
  "reasoning_tokens": 13204,
  "cost_reasoning": 0.06602000000000001,
  "total_cost": 0.07512062500000001
}