{
  "prompt_uncached_tokens": 497,
  "prompt_uncached_cost": 0.0006212500000000001,
  "prompt_cached_tokens": 0,
  "prompt_cached_cost": 0.0,
  "output_tokens": 3833,
  "cost_output": 0.028747500000000002,
  "reasoning_tokens": 64934,
  "cost_reasoning": 0.487005,
  "total_cost": 0.5163737500000001
}