{
  "prompt_uncached_tokens": 706,
  "prompt_uncached_cost": 0.00044125,
  "prompt_cached_tokens": 0,
  "prompt_cached_cost": 0.0,
  "output_tokens": 2904,
  "cost_output": 0.014520000000000002,
  "reasoning_tokens": 20173,
  "cost_reasoning": 0.10086500000000001,
  "total_cost": 0.11582625000000002
}