{
  "prompt_uncached_tokens": 424,
  "prompt_uncached_cost": 0.0005300000000000001,
  "prompt_cached_tokens": 0,
  "prompt_cached_cost": 0.0,
  "output_tokens": 1342,
  "cost_output": 0.013420000000000001,
  "reasoning_tokens": 7744,
  "cost_reasoning": 0.07744000000000001,
  "total_cost": 0.09139000000000001
}