{
  "prompt_uncached_tokens": 424,
  "prompt_uncached_cost": 0.00026500000000000004,
  "prompt_cached_tokens": 0,
  "prompt_cached_cost": 0.0,
  "output_tokens": 1509,
  "cost_output": 0.0075450000000000005,
  "reasoning_tokens": 7420,
  "cost_reasoning": 0.0371,
  "total_cost": 0.044910000000000005
}