{
  "prompt_uncached_tokens": 1355,
  "prompt_uncached_cost": 0.0008468750000000001,
  "prompt_cached_tokens": 0,
  "prompt_cached_cost": 0.0,
  "output_tokens": 3657,
  "cost_output": 0.018285000000000003,
  "reasoning_tokens": 36470,
  "cost_reasoning": 0.18235,
  "total_cost": 0.201481875
}