{
  "prompt_uncached_tokens": 879,
  "prompt_uncached_cost": 0.0005493750000000001,
  "prompt_cached_tokens": 0,
  "prompt_cached_cost": 0.0,
  "output_tokens": 4057,
  "cost_output": 0.020285,
  "reasoning_tokens": 27166,
  "cost_reasoning": 0.13583,
  "total_cost": 0.15666437500000002
}