{
  "prompt_uncached_tokens": 879,
  "prompt_uncached_cost": 0.0010987500000000001,
  "prompt_cached_tokens": 0,
  "prompt_cached_cost": 0.0,
  "output_tokens": 3878,
  "cost_output": 0.03878,
  "reasoning_tokens": 16576,
  "cost_reasoning": 0.16576000000000002,
  "total_cost": 0.20563875000000004
}