{
  "prompt_uncached_tokens": 879,
  "prompt_uncached_cost": 0.0010987500000000001,
  "prompt_cached_tokens": 0,
  "prompt_cached_cost": 0.0,
  "output_tokens": 5083,
  "cost_output": 0.038122500000000004,
  "reasoning_tokens": 65019,
  "cost_reasoning": 0.48764250000000003,
  "total_cost": 0.5268637500000001
}